Workbook
Name A: #N/A
Name ad: MATCH(광고관리!DayToStart,광고관리!weekdays_reversed,0)-2
Name ad: MATCH(DayToStart,[0]!weekdays_reversed,0)-2
Name AGHAF: MATCH(광고관리!ASFG,광고관리!weekdays_reversed,0)-2
Name AGHAF: MATCH(ASFG,[0]!weekdays_reversed,0)-2
Name ASDFG: #REF!
Name ASDFG: #REF!
Name ASDFGH: MATCH(광고관리!DayToStart,광고관리!weekdays_reversed,0)-2
Name ASDFGH: MATCH(DayToStart,[0]!weekdays_reversed,0)-2
Name ASFG: #REF!
Name ASFG: #REF!
Name d: MATCH(광고관리!sg,광고관리!weekdays_reversed,0)-2
Name d: MATCH(sg,[0]!weekdays_reversed,0)-2
Name DayToStart: #REF!
Name DayToStart: #REF!
Name fds: MATCH(광고관리!DayToStart,광고관리!weekdays_reversed,0)-2
Name fds: MATCH(DayToStart,[0]!weekdays_reversed,0)-2
Name gdfadf: #REF!
Name gdfadf: #REF!
Name HFF: MATCH(광고관리!DayToStart,광고관리!weekdays_reversed,0)-2
Name HFF: MATCH(DayToStart,[0]!weekdays_reversed,0)-2
Name hqsdf: MATCH(광고관리!sg,광고관리!weekdays_reversed,0)-2
Name hqsdf: MATCH(sg,[0]!weekdays_reversed,0)-2
Name MonthToDisplay: #REF!
Name MonthToDisplay: #REF!
Name MonthToDisplayNumber: #N/A
Name S: MATCH(광고관리!DayToStart,광고관리!weekdays_reversed,0)-2
Name S: MATCH(DayToStart,[0]!weekdays_reversed,0)-2
Name sg: #REF!
Name sg: #REF!
Name weekdays_reversed: {"일요일","토요일","금요일","목요일","수요일","화요일","월요일"}
Name weekdays_reversed: {"일요일","토요일","금요일","목요일","수요일","화요일","월요일"}
Name 날짜눈금: 광고관리!요일+광고관리!주*7
Name 날짜눈금: 요일+주*7
Name 날짜패턴: {1,1,2,2,3,3,4,4,5,5,6,6,7}
Name 날짜패턴: {1,1,2,2,3,3,4,4,5,5,6,6,7}
Name 달력: #N/A
Name ㅁ: MATCH(광고관리!DayToStart,광고관리!weekdays_reversed,0)-2
Name ㅁ: MATCH(DayToStart,[0]!weekdays_reversed,0)-2
Name ㅁㄴㅇ: MATCH(광고관리!DayToStart,광고관리!weekdays_reversed,0)-2
Name ㅁㄴㅇ: MATCH(DayToStart,[0]!weekdays_reversed,0)-2
Name ㅁㄴ호ㅗ: MATCH(광고관리!ㅇㄴㅁㄹ,광고관리!weekdays_reversed,0)-2
Name ㅁㄴ호ㅗ: MATCH(ㅇㄴㅁㄹ,[0]!weekdays_reversed,0)-2
Name ㅁㄶ: MATCH(광고관리!ㅇㄴㅁㄹ,광고관리!weekdays_reversed,0)-2
Name ㅁㄶ: MATCH(ㅇㄴㅁㄹ,[0]!weekdays_reversed,0)-2
Name ㅁㅇㄴㅀ: MATCH(광고관리!ㅗㅛㅓㅏㅑㅑ,광고관리!weekdays_reversed,0)-2
Name ㅁㅇㄴㅀ: MATCH(ㅗㅛㅓㅏㅑㅑ,[0]!weekdays_reversed,0)-2
Name ㅁㅎ: MATCH(광고관리!ㅇㄴㅁㄹ,광고관리!weekdays_reversed,0)-2
Name ㅁㅎ: MATCH(ㅇㄴㅁㄹ,[0]!weekdays_reversed,0)-2
Name ㅁㅎㅁㄹ: MATCH(광고관리!DayToStart,광고관리!weekdays_reversed,0)-2
Name ㅁㅎㅁㄹ: MATCH(DayToStart,[0]!weekdays_reversed,0)-2
Name ㅇ2ㅇㄹ: MATCH(광고관리!DayToStart,광고관리!weekdays_reversed,0)-2
Name ㅇ2ㅇㄹ: MATCH(DayToStart,[0]!weekdays_reversed,0)-2
Name ㅇㄴㅁㄹ: #REF!
Name ㅇㄴㅁㄹ: #REF!
Name 요일: {0,1,2,3,4,5,6}
Name 요일: {0,1,2,3,4,5,6}
Name 요일_옵션: MATCH(광고관리!DayToStart,광고관리!weekdays_reversed,0)-2
Name 요일_옵션: MATCH(DayToStart,weekdays_reversed,0)-2
Name 월: {"1월","2월","3월","4월","5월","6월","7월","8월","9월","10월","11월","12월"}

Sheet Dashboard
A1: 쿠팡 로켓 상품 관리 (한눈에 보기)
A2: 기준: 최근월1/2 판매 입력 → 안전재고/발주 자동 산출
A4: 총 상품수 | C4: 판매중 상품수
A5: =COUNTA(상품리스트!$C$2:$C$143) -> 142 | C5: =COUNTIF(상품리스트!#REF!,"판매중") -> #REF!
A7: 재고부족 상품수 | C7: 재고부족 수량(합)
A8: =COUNTIF(상품리스트!$R$2:$R$143,"⚠ 부족") -> 20 | C8: =SUMIF(상품리스트!$R$2:$R$143,"⚠ 부족",상품리스트!$Q$2:$Q$143) -> 25355
A10: 월평균출고(합) | C10: 예상 30일 공급매출(원)
A11: =SUM(상품리스트!$O$2:$O$143) -> 75490 | C11: =SUMPRODUCT(상품리스트!$O$2:$O$143,상품리스트!$D$2:$D$143) -> 81952933
A13: 평균 마진율(판매중) | C13: 재고 커버리지(일)
A14: =AVERAGEIF(상품리스트!#REF!,"판매중",상품리스트!$H$2:$H$143) -> #REF! | C14: =IF(SUM(상품리스트!$O$2:$O$143)=0,"-",SUM(상품리스트!$K$2:$K$143)/(SUM(상품리스트!$O$2:$O$143)/30)) -> 121.9437

Sheet 상품리스트
A1: 상태 | B1: 관리 등급 | C1: 상품명 | D1: 공급가(원) | E1: 원가(원) | F1: 실원가(원) | G1: 마진(원) | H1: 마진율 | I1: 현재고 | J1: 입고예정 | K1: 가용재고 | L1: 1월 | M1: 2월 | N1: 3월 | O1: 월평균출고 | P1: 안전재고 | Q1: 부족수량 | R1: 재고상태 | S1: 재고일수(일) | T1: 발주권장 | U1: 리뷰수 | V1: 별점 | W1: 비고
A2: 판매중 | B2: 핵심 | C2: 50개국세계지도만국기 | D2: 9600 | E2: 7000 | F2: =N(E2)*(1+설정!$B$3) -> 7910 | G2: =N(D2)-F2 -> 1690 | H2: =IF(N(D2)=0,"-",G2/N(D2)) -> 0.17604167 | I2: 2043 | K2: =N(I2)+N(J2) -> 2043 | L2: 1584 | M2: 456 | N2: 360 | O2: =IF(COUNT(L2,M2,N2)=0,0,AVERAGE(L2,M2,N2)) -> 800 | P2: =ROUND(O2*설정!$B$5,0) -> 960 | Q2: =MAX(0,N(P2)-N(K2)) -> 0 | R2: =IF(N(K2)<N(P2),"⚠ 부족","OK") -> OK | S2: =IF(O2=0,"-",K2/(O2/30)) -> 76.6125 | T2: =MAX(0,ROUND(N(P2)*설정!$B$4-N(K2),0)) -> 0 | U2: 2964
A3: 판매중 | B3: 핵심 | C3: 11000찍찍이가방캐치볼(블루) | D3: 4660 | E3: 3100 | F3: =N(E3)*(1+설정!$B$3) -> 3503 | G3: =N(D3)-F3 -> 1157 | H3: =IF(N(D3)=0,"-",G3/N(D3)) -> 0.24828326 | I3: 949 | K3: =N(I3)+N(J3) -> 949 | L3: 264 | M3: 48 | N3: 1272 | O3: =IF(COUNT(L3,M3,N3)=0,0,AVERAGE(L3,M3,N3)) -> 528 | P3: =ROUND(O3*설정!$B$5,0) -> 634 | Q3: =MAX(0,N(P3)-N(K3)) -> 0 | R3: =IF(N(K3)<N(P3),"⚠ 부족","OK") -> OK | S3: =IF(O3=0,"-",K3/(O3/30)) -> 53.920455 | T3: =MAX(0,ROUND(N(P3)*설정!$B$4-N(K3),0)) -> 319 | U3: 665
A4: 판매중 | B4: 핵심 | C4: 1500반짝고슴도치요요(쿠팡용) | D4: 612 | E4: 465 | F4: =N(E4)*(1+설정!$B$3) -> 525.45 | G4: =N(D4)-F4 -> 86.55 | H4: =IF(N(D4)=0,"-",G4/N(D4)) -> 0.14142157 | I4: 12902 | K4: =N(I4)+N(J4) -> 12902 | L4: 9000 | M4: 0 | N4: 8640 | O4: =IF(COUNT(L4,M4,N4)=0,0,AVERAGE(L4,M4,N4)) -> 5880 | P4: =ROUND(O4*설정!$B$5,0) -> 7056 | Q4: =MAX(0,N(P4)-N(K4)) -> 0 | R4: =IF(N(K4)<N(P4),"⚠ 부족","OK") -> OK | S4: =IF(O4=0,"-",K4/(O4/30)) -> 65.826531 | T4: =MAX(0,ROUND(N(P4)*설정!$B$4-N(K4),0)) -> 1210 | U4: 218
A5: 판매중 | B5: 핵심 | C5: 3500아이큐브레인구슬퍼즐(쿠팡용) | D5: 1365 | E5: 1120 | F5: =N(E5)*(1+설정!$B$3) -> 1265.6 | G5: =N(D5)-F5 -> 99.4 | H5: =IF(N(D5)=0,"-",G5/N(D5)) -> 0.072820513 | I5: 4440 | K5: =N(I5)+N(J5) -> 4440 | L5: 6000 | M5: 3840 | N5: 60 | O5: =IF(COUNT(L5,M5,N5)=0,0,AVERAGE(L5,M5,N5)) -> 3300 | P5: =ROUND(O5*설정!$B$5,0) -> 3960 | Q5: =MAX(0,N(P5)-N(K5)) -> 0 | R5: =IF(N(K5)<N(P5),"⚠ 부족","OK") -> OK | S5: =IF(O5=0,"-",K5/(O5/30)) -> 40.363636 | T5: =MAX(0,ROUND(N(P5)*설정!$B$4-N(K5),0)) -> 3480 | U5: 267
A6: 판매중 | B6: 핵심 | C6: 2000바풍투톤슬라임(쿠팡용) | D6: 875 | E6: 550 | F6: =N(E6)*(1+설정!$B$3) -> 621.5 | G6: =N(D6)-F6 -> 253.5 | H6: =IF(N(D6)=0,"-",G6/N(D6)) -> 0.28971429 | I6: 415 | J6: 24000 | K6: =N(I6)+N(J6) -> 24415 | L6: 17280 | M6: 13800 | N6: 240 | O6: =IF(COUNT(L6,M6,N6)=0,0,AVERAGE(L6,M6,N6)) -> 10440 | P6: =ROUND(O6*설정!$B$5,0) -> 12528 | Q6: =MAX(0,N(P6)-N(K6)) -> 0 | R6: =IF(N(K6)<N(P6),"⚠ 부족","OK") -> OK | S6: =IF(O6=0,"-",K6/(O6/30)) -> 70.158046 | T6: =MAX(0,ROUND(N(P6)*설정!$B$4-N(K6),0)) -> 641 | U6: 225
A7: 판매중 | B7: 핵심 | C7: 1000불빛슈팅낙하산(쿠팡용) | D7: 478 | E7: 350 | F7: =N(E7)*(1+설정!$B$3) -> 395.5 | G7: =N(D7)-F7 -> 82.5 | H7: =IF(N(D7)=0,"-",G7/N(D7)) -> 0.17259414 | I7: 14688 | K7: =N(I7)+N(J7) -> 14688 | L7: 972 | M7: 648 | N7: 8424 | O7: =IF(COUNT(L7,M7,N7)=0,0,AVERAGE(L7,M7,N7)) -> 3348 | P7: =ROUND(O7*설정!$B$5,0) -> 4018 | Q7: =MAX(0,N(P7)-N(K7)) -> 0 | R7: =IF(N(K7)<N(P7),"⚠ 부족","OK") -> OK | S7: =IF(O7=0,"-",K7/(O7/30)) -> 131.6129 | T7: =MAX(0,ROUND(N(P7)*설정!$B$4-N(K7),0)) -> 0 | U7: 179
A8: 판매중 | B8: 핵심 | C8: 12색 히어로 사인펜세트5번들(혼합) | D8: 3280 | E8: 2750 | F8: =N(E8)*(1+설정!$B$3) -> 3107.5 | G8: =N(D8)-F8 -> 172.5 | H8: =IF(N(D8)=0,"-",G8/N(D8)) -> 0.052591463 | I8: 2702 | K8: =N(I8)+N(J8) -> 2702 | L8: 2702 | M8: 0 | N8: 224 | O8: =IF(COUNT(L8,M8,N8)=0,0,AVERAGE(L8,M8,N8)) -> 975.33333 | P8: =ROUND(O8*설정!$B$5,0) -> 1170 | Q8: =MAX(0,N(P8)-N(K8)) -> 0 | R8: =IF(N(K8)<N(P8),"⚠ 부족","OK") -> OK | S8: =IF(O8=0,"-",K8/(O8/30)) -> 83.110048 | T8: =MAX(0,ROUND(N(P8)*설정!$B$4-N(K8),0)) -> 0 | U8: 2877
A9: 판매중 | B9: 핵심 | C9: 15000투샷빅파워물총 | D9: 6650 | E9: 3800 | F9: =N(E9)*(1+설정!$B$3) -> 4294 | G9: =N(D9)-F9 -> 2356 | H9: =IF(N(D9)=0,"-",G9/N(D9)) -> 0.35428571 | I9: 179 | K9: =N(I9)+N(J9) -> 179 | O9: =IF(COUNT(L9,M9,N9)=0,0,AVERAGE(L9,M9,N9)) -> 0 | P9: =ROUND(O9*설정!$B$5,0) -> 0 | Q9: =MAX(0,N(P9)-N(K9)) -> 0 | R9: =IF(N(K9)<N(P9),"⚠ 부족","OK") -> OK | S9: =IF(O9=0,"-",K9/(O9/30)) -> - | T9: =MAX(0,ROUND(N(P9)*설정!$B$4-N(K9),0)) -> 0 | U9: 322
A10: 판매중 | B10: 핵심 | C10: 색칠하는에어글라이더 | D10: 1260 | E10: 860 | F10: =N(E10)*(1+설정!$B$3) -> 971.8 | G10: =N(D10)-F10 -> 288.2 | H10: =IF(N(D10)=0,"-",G10/N(D10)) -> 0.22873016 | I10: 1356 | K10: =N(I10)+N(J10) -> 1356 | O10: =IF(COUNT(L10,M10,N10)=0,0,AVERAGE(L10,M10,N10)) -> 0 | P10: =ROUND(O10*설정!$B$5,0) -> 0 | Q10: =MAX(0,N(P10)-N(K10)) -> 0 | R10: =IF(N(K10)<N(P10),"⚠ 부족","OK") -> OK | S10: =IF(O10=0,"-",K10/(O10/30)) -> - | T10: =MAX(0,ROUND(N(P10)*설정!$B$4-N(K10),0)) -> 0 | U10: 46
A11: 판매중 | B11: 핵심 | C11: 3000diy모루인형만들기세트2탄(쿠팡용) | D11: 1072 | E11: 760 | F11: =N(E11)*(1+설정!$B$3) -> 858.8 | G11: =N(D11)-F11 -> 213.2 | H11: =IF(N(D11)=0,"-",G11/N(D11)) -> 0.1988806 | I11: 4133 | K11: =N(I11)+N(J11) -> 4133 | O11: =IF(COUNT(L11,M11,N11)=0,0,AVERAGE(L11,M11,N11)) -> 0 | P11: =ROUND(O11*설정!$B$5,0) -> 0 | Q11: =MAX(0,N(P11)-N(K11)) -> 0 | R11: =IF(N(K11)<N(P11),"⚠ 부족","OK") -> OK | S11: =IF(O11=0,"-",K11/(O11/30)) -> - | T11: =MAX(0,ROUND(N(P11)*설정!$B$4-N(K11),0)) -> 0 | U11: 102
A12: 판매중 | B12: 핵심 | C12: 1500레고블럭 | D12: 487 | E12: 385 | F12: =N(E12)*(1+설정!$B$3) -> 435.05 | G12: =N(D12)-F12 -> 51.95 | H12: =IF(N(D12)=0,"-",G12/N(D12)) -> 0.10667351 | I12: 6582 | K12: =N(I12)+N(J12) -> 6582 | L12: 2664 | M12: 1368 | N12: 2424 | O12: =IF(COUNT(L12,M12,N12)=0,0,AVERAGE(L12,M12,N12)) -> 2152 | P12: =ROUND(O12*설정!$B$5,0) -> 2582 | Q12: =MAX(0,N(P12)-N(K12)) -> 0 | R12: =IF(N(K12)<N(P12),"⚠ 부족","OK") -> OK | S12: =IF(O12=0,"-",K12/(O12/30)) -> 91.756506 | T12: =MAX(0,ROUND(N(P12)*설정!$B$4-N(K12),0)) -> 0 | U12: 81
A13: 판매중 | B13: 핵심 | C13: LCD컬러전자메모보드(8.5인치) | D13: 2096 | E13: 1000 | F13: =N(E13)*(1+설정!$B$3) -> 1130 | G13: =N(D13)-F13 -> 966 | H13: =IF(N(D13)=0,"-",G13/N(D13)) -> 0.46087786 | I13: 724 | K13: =N(I13)+N(J13) -> 724 | L13: 100 | M13: 72 | N13: 172 | O13: =IF(COUNT(L13,M13,N13)=0,0,AVERAGE(L13,M13,N13)) -> 114.66667 | P13: =ROUND(O13*설정!$B$5,0) -> 138 | Q13: =MAX(0,N(P13)-N(K13)) -> 0 | R13: =IF(N(K13)<N(P13),"⚠ 부족","OK") -> OK | S13: =IF(O13=0,"-",K13/(O13/30)) -> 189.4186 | T13: =MAX(0,ROUND(N(P13)*설정!$B$4-N(K13),0)) -> 0 | U13: 59
A14: 판매중 | B14: 핵심 | C14: 11000찍찍이가방캐치볼(핑크) | D14: 4660 | E14: 3100 | F14: =N(E14)*(1+설정!$B$3) -> 3503 | G14: =N(D14)-F14 -> 1157 | H14: =IF(N(D14)=0,"-",G14/N(D14)) -> 0.24828326 | I14: 685 | K14: =N(I14)+N(J14) -> 685 | N14: 288 | O14: =IF(COUNT(L14,M14,N14)=0,0,AVERAGE(L14,M14,N14)) -> 288 | P14: =ROUND(O14*설정!$B$5,0) -> 346 | Q14: =MAX(0,N(P14)-N(K14)) -> 0 | R14: =IF(N(K14)<N(P14),"⚠ 부족","OK") -> OK | S14: =IF(O14=0,"-",K14/(O14/30)) -> 71.354167 | T14: =MAX(0,ROUND(N(P14)*설정!$B$4-N(K14),0)) -> 7 | U14: 615
A15: 판매중 | B15: 핵심 | C15: 3000잔디인형키우기(곰돌이) | D15: 1102 | E15: 895 | F15: =N(E15)*(1+설정!$B$3) -> 1011.35 | G15: =N(D15)-F15 -> 90.65 | H15: =IF(N(D15)=0,"-",G15/N(D15)) -> 0.082259528 | I15: 3076 | K15: =N(I15)+N(J15) -> 3076 | L15: 3360 | M15: 3600 | O15: =IF(COUNT(L15,M15,N15)=0,0,AVERAGE(L15,M15,N15)) -> 3480 | P15: =ROUND(O15*설정!$B$5,0) -> 4176 | Q15: =MAX(0,N(P15)-N(K15)) -> 1100 | R15: =IF(N(K15)<N(P15),"⚠ 부족","OK") -> ⚠ 부족 | S15: =IF(O15=0,"-",K15/(O15/30)) -> 26.517241 | T15: =MAX(0,ROUND(N(P15)*설정!$B$4-N(K15),0)) -> 5276 | U15: 100
A16: 판매중 | B16: 핵심 | C16: 파도(S형)LED발목줄넘기(쿠팡용) | D16: 2925 | E16: 1760 | F16: =N(E16)*(1+설정!$B$3) -> 1988.8 | G16: =N(D16)-F16 -> 936.2 | H16: =IF(N(D16)=0,"-",G16/N(D16)) -> 0.32006838 | I16: 348 | K16: =N(I16)+N(J16) -> 348 | L16: 122 | M16: 220 | N16: 102 | O16: =IF(COUNT(L16,M16,N16)=0,0,AVERAGE(L16,M16,N16)) -> 148 | P16: =ROUND(O16*설정!$B$5,0) -> 178 | Q16: =MAX(0,N(P16)-N(K16)) -> 0 | R16: =IF(N(K16)<N(P16),"⚠ 부족","OK") -> OK | S16: =IF(O16=0,"-",K16/(O16/30)) -> 70.540541 | T16: =MAX(0,ROUND(N(P16)*설정!$B$4-N(K16),0)) -> 8 | U16: 78
A17: 판매중 | B17: 핵심 | C17: 1000제로탄산슬라임 | D17: 379 | E17: 340 | F17: =N(E17)*(1+설정!$B$3) -> 384.2 | G17: =N(D17)-F17 -> -5.2 | H17: =IF(N(D17)=0,"-",G17/N(D17)) -> -0.013720317 | I17: -64 | J17: 21600 | K17: =N(I17)+N(J17) -> 21536 | O17: =IF(COUNT(L17,M17,N17)=0,0,AVERAGE(L17,M17,N17)) -> 0 | P17: =ROUND(O17*설정!$B$5,0) -> 0 | Q17: =MAX(0,N(P17)-N(K17)) -> 0 | R17: =IF(N(K17)<N(P17),"⚠ 부족","OK") -> OK | S17: =IF(O17=0,"-",K17/(O17/30)) -> - | T17: =MAX(0,ROUND(N(P17)*설정!$B$4-N(K17),0)) -> 0 | U17: 191
A18: 판매중 | B18: 핵심 | C18: 3000글라이더 | D18: 921 | E18: 650 | F18: =N(E18)*(1+설정!$B$3) -> 734.5 | G18: =N(D18)-F18 -> 186.5 | H18: =IF(N(D18)=0,"-",G18/N(D18)) -> 0.20249729 | I18: 121 | K18: =N(I18)+N(J18) -> 121 | M18: 132 | N18: 1992 | O18: =IF(COUNT(L18,M18,N18)=0,0,AVERAGE(L18,M18,N18)) -> 1062 | P18: =ROUND(O18*설정!$B$5,0) -> 1274 | Q18: =MAX(0,N(P18)-N(K18)) -> 1153 | R18: =IF(N(K18)<N(P18),"⚠ 부족","OK") -> ⚠ 부족 | S18: =IF(O18=0,"-",K18/(O18/30)) -> 3.4180791 | T18: =MAX(0,ROUND(N(P18)*설정!$B$4-N(K18),0)) -> 2427 | U18: 127
A19: 판매중 | B19: 핵심 | C19: 2500롱스틱물총(유니콘) | D19: 898 | E19: 726 | F19: =N(E19)*(1+설정!$B$3) -> 820.38 | G19: =N(D19)-F19 -> 77.62 | H19: =IF(N(D19)=0,"-",G19/N(D19)) -> 0.086436526 | I19: 3 | K19: =N(I19)+N(J19) -> 3 | N19: 7854 | O19: =IF(COUNT(L19,M19,N19)=0,0,AVERAGE(L19,M19,N19)) -> 7854 | P19: =ROUND(O19*설정!$B$5,0) -> 9425 | Q19: =MAX(0,N(P19)-N(K19)) -> 9422 | R19: =IF(N(K19)<N(P19),"⚠ 부족","OK") -> ⚠ 부족 | S19: =IF(O19=0,"-",K19/(O19/30)) -> 0.011459129 | T19: =MAX(0,ROUND(N(P19)*설정!$B$4-N(K19),0)) -> 18847 | U19: 144
A20: 판매중 | B20: 핵심 | C20: 1500샤이니무지개칼라링 | D20: 390 | E20: 320 | F20: =N(E20)*(1+설정!$B$3) -> 361.6 | G20: =N(D20)-F20 -> 28.4 | H20: =IF(N(D20)=0,"-",G20/N(D20)) -> 0.072820513 | I20: 9107 | K20: =N(I20)+N(J20) -> 9107 | L20: 792 | M20: 3000 | N20: 1344 | O20: =IF(COUNT(L20,M20,N20)=0,0,AVERAGE(L20,M20,N20)) -> 1712 | P20: =ROUND(O20*설정!$B$5,0) -> 2054 | Q20: =MAX(0,N(P20)-N(K20)) -> 0 | R20: =IF(N(K20)<N(P20),"⚠ 부족","OK") -> OK | S20: =IF(O20=0,"-",K20/(O20/30)) -> 159.58528 | T20: =MAX(0,ROUND(N(P20)*설정!$B$4-N(K20),0)) -> 0 | U20: 556
A21: 판매중 | B21: 핵심 | C21: 해피원목칠교(중) | D21: 1473 | E21: 1150 | F21: =N(E21)*(1+설정!$B$3) -> 1299.5 | G21: =N(D21)-F21 -> 173.5 | H21: =IF(N(D21)=0,"-",G21/N(D21)) -> 0.11778683 | I21: 1663 | K21: =N(I21)+N(J21) -> 1663 | M21: 144 | N21: 88 | O21: =IF(COUNT(L21,M21,N21)=0,0,AVERAGE(L21,M21,N21)) -> 116 | P21: =ROUND(O21*설정!$B$5,0) -> 139 | Q21: =MAX(0,N(P21)-N(K21)) -> 0 | R21: =IF(N(K21)<N(P21),"⚠ 부족","OK") -> OK | S21: =IF(O21=0,"-",K21/(O21/30)) -> 430.08621 | T21: =MAX(0,ROUND(N(P21)*설정!$B$4-N(K21),0)) -> 0 | U21: 116
A22: 판매중 | B22: 핵심 | C22: 1000고리걸기수중게임(쿠팡용) | D22: 410 | E22: 300 | F22: =N(E22)*(1+설정!$B$3) -> 339 | G22: =N(D22)-F22 -> 71 | H22: =IF(N(D22)=0,"-",G22/N(D22)) -> 0.17317073 | I22: 32 | K22: =N(I22)+N(J22) -> 32 | L22: 1840 | M22: 3200 | N22: 2560 | O22: =IF(COUNT(L22,M22,N22)=0,0,AVERAGE(L22,M22,N22)) -> 2533.3333 | P22: =ROUND(O22*설정!$B$5,0) -> 3040 | Q22: =MAX(0,N(P22)-N(K22)) -> 3008 | R22: =IF(N(K22)<N(P22),"⚠ 부족","OK") -> ⚠ 부족 | S22: =IF(O22=0,"-",K22/(O22/30)) -> 0.37894737 | T22: =MAX(0,ROUND(N(P22)*설정!$B$4-N(K22),0)) -> 6048 | U22: 138
A23: 판매중 | B23: 육성 | C23: 2500LED탱탱바운스손목공 | D23: 946 | E23: 760 | F23: =N(E23)*(1+설정!$B$3) -> 858.8 | G23: =N(D23)-F23 -> 87.2 | H23: =IF(N(D23)=0,"-",G23/N(D23)) -> 0.09217759 | I23: 917 | K23: =N(I23)+N(J23) -> 917 | L23: 372 | M23: 1008 | N23: 408 | O23: =IF(COUNT(L23,M23,N23)=0,0,AVERAGE(L23,M23,N23)) -> 596 | P23: =ROUND(O23*설정!$B$5,0) -> 715 | Q23: =MAX(0,N(P23)-N(K23)) -> 0 | R23: =IF(N(K23)<N(P23),"⚠ 부족","OK") -> OK | S23: =IF(O23=0,"-",K23/(O23/30)) -> 46.157718 | T23: =MAX(0,ROUND(N(P23)*설정!$B$4-N(K23),0)) -> 513 | U23: 26
A24: 판매중 | B24: 육성 | C24: 2000퓨어클리어슬라임 | D24: 959 | E24: 550 | F24: =N(E24)*(1+설정!$B$3) -> 621.5 | G24: =N(D24)-F24 -> 337.5 | H24: =IF(N(D24)=0,"-",G24/N(D24)) -> 0.35192909 | I24: 5129 | K24: =N(I24)+N(J24) -> 5129 | L24: 1092 | M24: 2187 | N24: 879 | O24: =IF(COUNT(L24,M24,N24)=0,0,AVERAGE(L24,M24,N24)) -> 1386 | P24: =ROUND(O24*설정!$B$5,0) -> 1663 | Q24: =MAX(0,N(P24)-N(K24)) -> 0 | R24: =IF(N(K24)<N(P24),"⚠ 부족","OK") -> OK | S24: =IF(O24=0,"-",K24/(O24/30)) -> 111.01732 | T24: =MAX(0,ROUND(N(P24)*설정!$B$4-N(K24),0)) -> 0 | U24: 41
A25: 판매중 | B25: 육성 | C25: 2500유니콘워터게임기 | D25: 893 | E25: 745 | F25: =N(E25)*(1+설정!$B$3) -> 841.85 | G25: =N(D25)-F25 -> 51.15 | H25: =IF(N(D25)=0,"-",G25/N(D25)) -> 0.057278835 | I25: 1 | J25: 5760 | K25: =N(I25)+N(J25) -> 5761 | L25: 1640 | O25: =IF(COUNT(L25,M25,N25)=0,0,AVERAGE(L25,M25,N25)) -> 1640 | P25: =ROUND(O25*설정!$B$5,0) -> 1968 | Q25: =MAX(0,N(P25)-N(K25)) -> 0 | R25: =IF(N(K25)<N(P25),"⚠ 부족","OK") -> OK | S25: =IF(O25=0,"-",K25/(O25/30)) -> 105.38415 | T25: =MAX(0,ROUND(N(P25)*설정!$B$4-N(K25),0)) -> 0 | U25: 120
A26: 판매중 | B26: 육성 | C26: 8000해피원목테트리스퍼즐 | D26: 3043 | E26: 2300 | F26: =N(E26)*(1+설정!$B$3) -> 2599 | G26: =N(D26)-F26 -> 444 | H26: =IF(N(D26)=0,"-",G26/N(D26)) -> 0.14590864 | I26: 907 | K26: =N(I26)+N(J26) -> 907 | L26: 328 | M26: 432 | N26: 208 | O26: =IF(COUNT(L26,M26,N26)=0,0,AVERAGE(L26,M26,N26)) -> 322.66667 | P26: =ROUND(O26*설정!$B$5,0) -> 387 | Q26: =MAX(0,N(P26)-N(K26)) -> 0 | R26: =IF(N(K26)<N(P26),"⚠ 부족","OK") -> OK | S26: =IF(O26=0,"-",K26/(O26/30)) -> 84.328512 | T26: =MAX(0,ROUND(N(P26)*설정!$B$4-N(K26),0)) -> 0 | U26: 85
A27: 판매중 | B27: 육성 | C27: 4500전통낚시대연날리기(쿠팡용) | D27: 2058 | E27: 1285 | F27: =N(E27)*(1+설정!$B$3) -> 1452.05 | G27: =N(D27)-F27 -> 605.95 | H27: =IF(N(D27)=0,"-",G27/N(D27)) -> 0.29443635 | I27: 152 | K27: =N(I27)+N(J27) -> 152 | L27: 408 | N27: 1284 | O27: =IF(COUNT(L27,M27,N27)=0,0,AVERAGE(L27,M27,N27)) -> 846 | P27: =ROUND(O27*설정!$B$5,0) -> 1015 | Q27: =MAX(0,N(P27)-N(K27)) -> 863 | R27: =IF(N(K27)<N(P27),"⚠ 부족","OK") -> ⚠ 부족 | S27: =IF(O27=0,"-",K27/(O27/30)) -> 5.3900709 | T27: =MAX(0,ROUND(N(P27)*설정!$B$4-N(K27),0)) -> 1878 | U27: 37
A28: 판매중 | B28: 육성 | C28: 8000종치기퍼즐게임(쿠팡용) | D28: 2975 | E28: 2400 | F28: =N(E28)*(1+설정!$B$3) -> 2712 | G28: =N(D28)-F28 -> 263 | H28: =IF(N(D28)=0,"-",G28/N(D28)) -> 0.088403361 | I28: 2548 | K28: =N(I28)+N(J28) -> 2548 | L28: 2568 | M28: 1704 | N28: 1528 | O28: =IF(COUNT(L28,M28,N28)=0,0,AVERAGE(L28,M28,N28)) -> 1933.3333 | P28: =ROUND(O28*설정!$B$5,0) -> 2320 | Q28: =MAX(0,N(P28)-N(K28)) -> 0 | R28: =IF(N(K28)<N(P28),"⚠ 부족","OK") -> OK | S28: =IF(O28=0,"-",K28/(O28/30)) -> 39.537931 | T28: =MAX(0,ROUND(N(P28)*설정!$B$4-N(K28),0)) -> 2092 | U28: 46
A29: 판매중 | B29: 육성 | C29: 2500해피불빛캐치볼(쿠팡용) | D29: 1200 | E29: 935 | F29: =N(E29)*(1+설정!$B$3) -> 1056.55 | G29: =N(D29)-F29 -> 143.45 | H29: =IF(N(D29)=0,"-",G29/N(D29)) -> 0.11954167 | I29: 2006 | K29: =N(I29)+N(J29) -> 2006 | L29: 2946 | M29: 944 | N29: 2616 | O29: =IF(COUNT(L29,M29,N29)=0,0,AVERAGE(L29,M29,N29)) -> 2168.6667 | P29: =ROUND(O29*설정!$B$5,0) -> 2602 | Q29: =MAX(0,N(P29)-N(K29)) -> 596 | R29: =IF(N(K29)<N(P29),"⚠ 부족","OK") -> ⚠ 부족 | S29: =IF(O29=0,"-",K29/(O29/30)) -> 27.749769 | T29: =MAX(0,ROUND(N(P29)*설정!$B$4-N(K29),0)) -> 3198 | U29: 82
A30: 판매중 | B30: 육성 | C30: 2500롱스틱물총(아기상어) | D30: 864 | E30: 726 | F30: =N(E30)*(1+설정!$B$3) -> 820.38 | G30: =N(D30)-F30 -> 43.62 | H30: =IF(N(D30)=0,"-",G30/N(D30)) -> 0.050486111 | I30: 108 | K30: =N(I30)+N(J30) -> 108 | L30: 6 | M30: 12 | N30: 234 | O30: =IF(COUNT(L30,M30,N30)=0,0,AVERAGE(L30,M30,N30)) -> 84 | P30: =ROUND(O30*설정!$B$5,0) -> 101 | Q30: =MAX(0,N(P30)-N(K30)) -> 0 | R30: =IF(N(K30)<N(P30),"⚠ 부족","OK") -> OK | S30: =IF(O30=0,"-",K30/(O30/30)) -> 38.571429 | T30: =MAX(0,ROUND(N(P30)*설정!$B$4-N(K30),0)) -> 94
A31: 판매중 | B31: 육성 | C31: 해피원목칠교(소) | D31: 744 | E31: 560 | F31: =N(E31)*(1+설정!$B$3) -> 632.8 | G31: =N(D31)-F31 -> 111.2 | H31: =IF(N(D31)=0,"-",G31/N(D31)) -> 0.14946237 | I31: 279 | K31: =N(I31)+N(J31) -> 279 | L31: 256 | M31: 1440 | N31: 192 | O31: =IF(COUNT(L31,M31,N31)=0,0,AVERAGE(L31,M31,N31)) -> 629.33333 | P31: =ROUND(O31*설정!$B$5,0) -> 755 | Q31: =MAX(0,N(P31)-N(K31)) -> 476 | R31: =IF(N(K31)<N(P31),"⚠ 부족","OK") -> ⚠ 부족 | S31: =IF(O31=0,"-",K31/(O31/30)) -> 13.299788 | T31: =MAX(0,ROUND(N(P31)*설정!$B$4-N(K31),0)) -> 1231 | U31: 19
A32: 판매중 | B32: 육성 | C32: 4000LED반짝윙윙바람개비버블세트 | D32: 1398 | E32: 1200 | F32: =N(E32)*(1+설정!$B$3) -> 1356 | G32: =N(D32)-F32 -> 42 | H32: =IF(N(D32)=0,"-",G32/N(D32)) -> 0.030042918 | I32: 4 | K32: =N(I32)+N(J32) -> 4 | M32: 40 | O32: =IF(COUNT(L32,M32,N32)=0,0,AVERAGE(L32,M32,N32)) -> 40 | P32: =ROUND(O32*설정!$B$5,0) -> 48 | Q32: =MAX(0,N(P32)-N(K32)) -> 44 | R32: =IF(N(K32)<N(P32),"⚠ 부족","OK") -> ⚠ 부족 | S32: =IF(O32=0,"-",K32/(O32/30)) -> 3 | T32: =MAX(0,ROUND(N(P32)*설정!$B$4-N(K32),0)) -> 92 | U32: 34
A33: 판매중 | B33: 육성 | C33: 3000잔디인형키우기(못난이) | D33: 1102 | E33: 895 | F33: =N(E33)*(1+설정!$B$3) -> 1011.35 | G33: =N(D33)-F33 -> 90.65 | H33: =IF(N(D33)=0,"-",G33/N(D33)) -> 0.082259528 | I33: 949 | K33: =N(I33)+N(J33) -> 949 | L33: 1164 | N33: 480 | O33: =IF(COUNT(L33,M33,N33)=0,0,AVERAGE(L33,M33,N33)) -> 822 | P33: =ROUND(O33*설정!$B$5,0) -> 986 | Q33: =MAX(0,N(P33)-N(K33)) -> 37 | R33: =IF(N(K33)<N(P33),"⚠ 부족","OK") -> ⚠ 부족 | S33: =IF(O33=0,"-",K33/(O33/30)) -> 34.635036 | T33: =MAX(0,ROUND(N(P33)*설정!$B$4-N(K33),0)) -> 1023 | U33: 43
A34: 판매중 | B34: 육성 | C34: 1200러브오리비눗방울 | D34: 406 | E34: 260 | F34: =N(E34)*(1+설정!$B$3) -> 293.8 | G34: =N(D34)-F34 -> 112.2 | H34: =IF(N(D34)=0,"-",G34/N(D34)) -> 0.27635468 | I34: 0 | K34: =N(I34)+N(J34) -> 0 | O34: =IF(COUNT(L34,M34,N34)=0,0,AVERAGE(L34,M34,N34)) -> 0 | P34: =ROUND(O34*설정!$B$5,0) -> 0 | Q34: =MAX(0,N(P34)-N(K34)) -> 0 | R34: =IF(N(K34)<N(P34),"⚠ 부족","OK") -> OK | S34: =IF(O34=0,"-",K34/(O34/30)) -> - | T34: =MAX(0,ROUND(N(P34)*설정!$B$4-N(K34),0)) -> 0 | U34: 11
A35: 판매중 | B35: 육성 | C35: 꼬꼬반자동연필깎이 | D35: 2922 | E35: 1900 | F35: =N(E35)*(1+설정!$B$3) -> 2147 | G35: =N(D35)-F35 -> 775 | H35: =IF(N(D35)=0,"-",G35/N(D35)) -> 0.2652293 | I35: 404 | K35: =N(I35)+N(J35) -> 404 | L35: 46 | M35: 42 | O35: =IF(COUNT(L35,M35,N35)=0,0,AVERAGE(L35,M35,N35)) -> 44 | P35: =ROUND(O35*설정!$B$5,0) -> 53 | Q35: =MAX(0,N(P35)-N(K35)) -> 0 | R35: =IF(N(K35)<N(P35),"⚠ 부족","OK") -> OK | S35: =IF(O35=0,"-",K35/(O35/30)) -> 275.45455 | T35: =MAX(0,ROUND(N(P35)*설정!$B$4-N(K35),0)) -> 0
A36: 판매중 | B36: 육성 | C36: 15000(250배)정밀현미경관찰세트 | D36: 6825 | E36: 3900 | F36: =N(E36)*(1+설정!$B$3) -> 4407 | G36: =N(D36)-F36 -> 2418 | H36: =IF(N(D36)=0,"-",G36/N(D36)) -> 0.35428571 | I36: 11 | K36: =N(I36)+N(J36) -> 11 | L36: 243 | M36: 206 | N36: 2 | O36: =IF(COUNT(L36,M36,N36)=0,0,AVERAGE(L36,M36,N36)) -> 224.5 | P36: =ROUND(O36*설정!$B$5,0) -> 269 | Q36: =MAX(0,N(P36)-N(K36)) -> 258 | R36: =IF(N(K36)<N(P36),"⚠ 부족","OK") -> ⚠ 부족 | S36: =IF(O36=0,"-",K36/(O36/30)) -> 1.4699332 | T36: =MAX(0,ROUND(N(P36)*설정!$B$4-N(K36),0)) -> 527
A37: 판매중 | B37: 육성 | C37: 8000멀티라켓볼세트 | D37: 4826 | E37: 2200 | F37: =N(E37)*(1+설정!$B$3) -> 2486 | G37: =N(D37)-F37 -> 2340 | H37: =IF(N(D37)=0,"-",G37/N(D37)) -> 0.4848736 | I37: 47 | K37: =N(I37)+N(J37) -> 47 | N37: 3 | O37: =IF(COUNT(L37,M37,N37)=0,0,AVERAGE(L37,M37,N37)) -> 3 | P37: =ROUND(O37*설정!$B$5,0) -> 4 | Q37: =MAX(0,N(P37)-N(K37)) -> 0 | R37: =IF(N(K37)<N(P37),"⚠ 부족","OK") -> OK | S37: =IF(O37=0,"-",K37/(O37/30)) -> 470 | T37: =MAX(0,ROUND(N(P37)*설정!$B$4-N(K37),0)) -> 0
A38: 판매중 | B38: 육성 | C38: 3500LED글라이더 | D38: 1238 | E38: 830 | F38: =N(E38)*(1+설정!$B$3) -> 937.9 | G38: =N(D38)-F38 -> 300.1 | H38: =IF(N(D38)=0,"-",G38/N(D38)) -> 0.24240711 | I38: 532 | K38: =N(I38)+N(J38) -> 532 | O38: =IF(COUNT(L38,M38,N38)=0,0,AVERAGE(L38,M38,N38)) -> 0 | P38: =ROUND(O38*설정!$B$5,0) -> 0 | Q38: =MAX(0,N(P38)-N(K38)) -> 0 | R38: =IF(N(K38)<N(P38),"⚠ 부족","OK") -> OK | S38: =IF(O38=0,"-",K38/(O38/30)) -> - | T38: =MAX(0,ROUND(N(P38)*설정!$B$4-N(K38),0)) -> 0
A39: 판매중 | B39: 육성 | C39: 3000길어져랏안테나잠자리채 | D39: 1328 | E39: 970 | F39: =N(E39)*(1+설정!$B$3) -> 1096.1 | G39: =N(D39)-F39 -> 231.9 | H39: =IF(N(D39)=0,"-",G39/N(D39)) -> 0.17462349 | I39: 0 | J39: 4800 | K39: =N(I39)+N(J39) -> 4800 | M39: 21 | O39: =IF(COUNT(L39,M39,N39)=0,0,AVERAGE(L39,M39,N39)) -> 21 | P39: =ROUND(O39*설정!$B$5,0) -> 25 | Q39: =MAX(0,N(P39)-N(K39)) -> 0 | R39: =IF(N(K39)<N(P39),"⚠ 부족","OK") -> OK | S39: =IF(O39=0,"-",K39/(O39/30)) -> 6857.1429 | T39: =MAX(0,ROUND(N(P39)*설정!$B$4-N(K39),0)) -> 0
A40: 판매중 | B40: 육성 | C40: 해피원목칠교(대) | D40: 2340 | E40: 1800 | F40: =N(E40)*(1+설정!$B$3) -> 2034 | G40: =N(D40)-F40 -> 306 | H40: =IF(N(D40)=0,"-",G40/N(D40)) -> 0.13076923 | I40: 1400 | K40: =N(I40)+N(J40) -> 1400 | O40: =IF(COUNT(L40,M40,N40)=0,0,AVERAGE(L40,M40,N40)) -> 0 | P40: =ROUND(O40*설정!$B$5,0) -> 0 | Q40: =MAX(0,N(P40)-N(K40)) -> 0 | R40: =IF(N(K40)<N(P40),"⚠ 부족","OK") -> OK | S40: =IF(O40=0,"-",K40/(O40/30)) -> - | T40: =MAX(0,ROUND(N(P40)*설정!$B$4-N(K40),0)) -> 0
A41: 판매중 | B41: 육성 | C41: 반짝이바람개비(만들기) | D41: 162 | E41: 115 | F41: =N(E41)*(1+설정!$B$3) -> 129.95 | G41: =N(D41)-F41 -> 32.05 | H41: =IF(N(D41)=0,"-",G41/N(D41)) -> 0.19783951 | I41: 1219 | K41: =N(I41)+N(J41) -> 1219 | N41: 1480 | O41: =IF(COUNT(L41,M41,N41)=0,0,AVERAGE(L41,M41,N41)) -> 1480 | P41: =ROUND(O41*설정!$B$5,0) -> 1776 | Q41: =MAX(0,N(P41)-N(K41)) -> 557 | R41: =IF(N(K41)<N(P41),"⚠ 부족","OK") -> ⚠ 부족 | S41: =IF(O41=0,"-",K41/(O41/30)) -> 24.709459 | T41: =MAX(0,ROUND(N(P41)*설정!$B$4-N(K41),0)) -> 2333
A42: 판매중 | B42: 육성 | C42: 4000상어막대물총 | D42: 1316 | E42: 1000 | F42: =N(E42)*(1+설정!$B$3) -> 1130 | G42: =N(D42)-F42 -> 186 | H42: =IF(N(D42)=0,"-",G42/N(D42)) -> 0.14133739 | I42: 194 | K42: =N(I42)+N(J42) -> 194 | N42: 90 | O42: =IF(COUNT(L42,M42,N42)=0,0,AVERAGE(L42,M42,N42)) -> 90 | P42: =ROUND(O42*설정!$B$5,0) -> 108 | Q42: =MAX(0,N(P42)-N(K42)) -> 0 | R42: =IF(N(K42)<N(P42),"⚠ 부족","OK") -> OK | S42: =IF(O42=0,"-",K42/(O42/30)) -> 64.666667 | T42: =MAX(0,ROUND(N(P42)*설정!$B$4-N(K42),0)) -> 22
A43: 판매중 | B43: 육성 | C43: 3000불빛자석팽이(쿠팡용) | D43: 1170 | E43: 860 | F43: =N(E43)*(1+설정!$B$3) -> 971.8 | G43: =N(D43)-F43 -> 198.2 | H43: =IF(N(D43)=0,"-",G43/N(D43)) -> 0.16940171 | I43: 3909 | K43: =N(I43)+N(J43) -> 3909 | O43: =IF(COUNT(L43,M43,N43)=0,0,AVERAGE(L43,M43,N43)) -> 0 | P43: =ROUND(O43*설정!$B$5,0) -> 0 | Q43: =MAX(0,N(P43)-N(K43)) -> 0 | R43: =IF(N(K43)<N(P43),"⚠ 부족","OK") -> OK | S43: =IF(O43=0,"-",K43/(O43/30)) -> - | T43: =MAX(0,ROUND(N(P43)*설정!$B$4-N(K43),0)) -> 0 | U43: 108
A44: 판매중 | B44: 육성 | C44: 3000슈가귤쫀득쫀득주물럭 | D44: 1365 | E44: 1030 | F44: =N(E44)*(1+설정!$B$3) -> 1163.9 | G44: =N(D44)-F44 -> 201.1 | H44: =IF(N(D44)=0,"-",G44/N(D44)) -> 0.14732601 | I44: 2433 | K44: =N(I44)+N(J44) -> 2433 | L44: 260 | M44: 216 | O44: =IF(COUNT(L44,M44,N44)=0,0,AVERAGE(L44,M44,N44)) -> 238 | P44: =ROUND(O44*설정!$B$5,0) -> 286 | Q44: =MAX(0,N(P44)-N(K44)) -> 0 | R44: =IF(N(K44)<N(P44),"⚠ 부족","OK") -> OK | S44: =IF(O44=0,"-",K44/(O44/30)) -> 306.68067 | T44: =MAX(0,ROUND(N(P44)*설정!$B$4-N(K44),0)) -> 0
A45: 판매중 | B45: 육성 | C45: 6000LED불빛현미경 | D45: 2343 | E45: 1800 | F45: =N(E45)*(1+설정!$B$3) -> 2034 | G45: =N(D45)-F45 -> 309 | H45: =IF(N(D45)=0,"-",G45/N(D45)) -> 0.1318822 | I45: 60 | J45: 5760 | K45: =N(I45)+N(J45) -> 5820 | L45: 96 | M45: 88 | N45: 104 | O45: =IF(COUNT(L45,M45,N45)=0,0,AVERAGE(L45,M45,N45)) -> 96 | P45: =ROUND(O45*설정!$B$5,0) -> 115 | Q45: =MAX(0,N(P45)-N(K45)) -> 0 | R45: =IF(N(K45)<N(P45),"⚠ 부족","OK") -> OK | S45: =IF(O45=0,"-",K45/(O45/30)) -> 1818.75 | T45: =MAX(0,ROUND(N(P45)*설정!$B$4-N(K45),0)) -> 0 | U45: 41
A46: 판매중 | B46: 육성 | C46: 3000팡팡스폰지로켓(쿠팡용) | D46: 1102 | E46: 860 | F46: =N(E46)*(1+설정!$B$3) -> 971.8 | G46: =N(D46)-F46 -> 130.2 | H46: =IF(N(D46)=0,"-",G46/N(D46)) -> 0.11814882 | I46: 842 | K46: =N(I46)+N(J46) -> 842 | L46: 304 | M46: 168 | O46: =IF(COUNT(L46,M46,N46)=0,0,AVERAGE(L46,M46,N46)) -> 236 | P46: =ROUND(O46*설정!$B$5,0) -> 283 | Q46: =MAX(0,N(P46)-N(K46)) -> 0 | R46: =IF(N(K46)<N(P46),"⚠ 부족","OK") -> OK | S46: =IF(O46=0,"-",K46/(O46/30)) -> 107.0339 | T46: =MAX(0,ROUND(N(P46)*설정!$B$4-N(K46),0)) -> 0
A47: 판매중 | B47: 육성 | C47: 2000색칠하는가오리연만들기(얼레포함)(쿠팡용) | D47: 1073 | E47: 600 | F47: =N(E47)*(1+설정!$B$3) -> 678 | G47: =N(D47)-F47 -> 395 | H47: =IF(N(D47)=0,"-",G47/N(D47)) -> 0.36812675 | I47: 4325 | K47: =N(I47)+N(J47) -> 4325 | M47: 2820 | O47: =IF(COUNT(L47,M47,N47)=0,0,AVERAGE(L47,M47,N47)) -> 2820 | P47: =ROUND(O47*설정!$B$5,0) -> 3384 | Q47: =MAX(0,N(P47)-N(K47)) -> 0 | R47: =IF(N(K47)<N(P47),"⚠ 부족","OK") -> OK | S47: =IF(O47=0,"-",K47/(O47/30)) -> 46.010638 | T47: =MAX(0,ROUND(N(P47)*설정!$B$4-N(K47),0)) -> 2443
A48: 판매중 | B48: 육성 | C48: 빙글빙글프로펠라 | D48: 34 | E48: 28 | F48: =N(E48)*(1+설정!$B$3) -> 31.64 | G48: =N(D48)-F48 -> 2.36 | H48: =IF(N(D48)=0,"-",G48/N(D48)) -> 0.069411765 | I48: 0 | K48: =N(I48)+N(J48) -> 0 | L48: 2240 | M48: 6720 | N48: 320 | O48: =IF(COUNT(L48,M48,N48)=0,0,AVERAGE(L48,M48,N48)) -> 3093.3333 | P48: =ROUND(O48*설정!$B$5,0) -> 3712 | Q48: =MAX(0,N(P48)-N(K48)) -> 3712 | R48: =IF(N(K48)<N(P48),"⚠ 부족","OK") -> ⚠ 부족 | S48: =IF(O48=0,"-",K48/(O48/30)) -> 0 | T48: =MAX(0,ROUND(N(P48)*설정!$B$4-N(K48),0)) -> 7424
A49: 판매중 | B49: 육성 | C49: 9000회오리막대물총 | D49: 3200 | E49: 2750 | F49: =N(E49)*(1+설정!$B$3) -> 3107.5 | G49: =N(D49)-F49 -> 92.5 | H49: =IF(N(D49)=0,"-",G49/N(D49)) -> 0.02890625 | I49: 128 | K49: =N(I49)+N(J49) -> 128 | O49: =IF(COUNT(L49,M49,N49)=0,0,AVERAGE(L49,M49,N49)) -> 0 | P49: =ROUND(O49*설정!$B$5,0) -> 0 | Q49: =MAX(0,N(P49)-N(K49)) -> 0 | R49: =IF(N(K49)<N(P49),"⚠ 부족","OK") -> OK | S49: =IF(O49=0,"-",K49/(O49/30)) -> - | T49: =MAX(0,ROUND(N(P49)*설정!$B$4-N(K49),0)) -> 0
A50: 판매중 | B50: 육성 | C50: 2000돋보기곤충채집통 | D50: 686 | E50: 420 | F50: =N(E50)*(1+설정!$B$3) -> 474.6 | G50: =N(D50)-F50 -> 211.4 | H50: =IF(N(D50)=0,"-",G50/N(D50)) -> 0.30816327 | I50: 401 | K50: =N(I50)+N(J50) -> 401 | L50: 24 | M50: 6 | N50: 168 | O50: =IF(COUNT(L50,M50,N50)=0,0,AVERAGE(L50,M50,N50)) -> 66 | P50: =ROUND(O50*설정!$B$5,0) -> 79 | Q50: =MAX(0,N(P50)-N(K50)) -> 0 | R50: =IF(N(K50)<N(P50),"⚠ 부족","OK") -> OK | S50: =IF(O50=0,"-",K50/(O50/30)) -> 182.27273 | T50: =MAX(0,ROUND(N(P50)*설정!$B$4-N(K50),0)) -> 0
A51: 판매중 | B51: 육성 | C51: 1500해피글로우야광꽈배기프로펠라 | D51: 561 | E51: 450 | F51: =N(E51)*(1+설정!$B$3) -> 508.5 | G51: =N(D51)-F51 -> 52.5 | H51: =IF(N(D51)=0,"-",G51/N(D51)) -> 0.093582888 | I51: 4901 | K51: =N(I51)+N(J51) -> 4901 | L51: 153 | M51: 126 | N51: 207 | O51: =IF(COUNT(L51,M51,N51)=0,0,AVERAGE(L51,M51,N51)) -> 162 | P51: =ROUND(O51*설정!$B$5,0) -> 194 | Q51: =MAX(0,N(P51)-N(K51)) -> 0 | R51: =IF(N(K51)<N(P51),"⚠ 부족","OK") -> OK | S51: =IF(O51=0,"-",K51/(O51/30)) -> 907.59259 | T51: =MAX(0,ROUND(N(P51)*설정!$B$4-N(K51),0)) -> 0
A52: 판매중 | B52: 육성 | C52: 50000전문가용메탈요요 | D52: 17271 | E52: 12900 | F52: =N(E52)*(1+설정!$B$3) -> 14577 | G52: =N(D52)-F52 -> 2694 | H52: =IF(N(D52)=0,"-",G52/N(D52)) -> 0.15598402 | I52: 209 | K52: =N(I52)+N(J52) -> 209 | L52: 24 | M52: 29 | N52: 17 | O52: =IF(COUNT(L52,M52,N52)=0,0,AVERAGE(L52,M52,N52)) -> 23.333333 | P52: =ROUND(O52*설정!$B$5,0) -> 28 | Q52: =MAX(0,N(P52)-N(K52)) -> 0 | R52: =IF(N(K52)<N(P52),"⚠ 부족","OK") -> OK | S52: =IF(O52=0,"-",K52/(O52/30)) -> 268.71429 | T52: =MAX(0,ROUND(N(P52)*설정!$B$4-N(K52),0)) -> 0 | U52: 15
A53: 판매중 | B53: 육성 | C53: 12색싸인펜+히어로세트 | D53: 708 | E53: 460 | F53: =N(E53)*(1+설정!$B$3) -> 519.8 | G53: =N(D53)-F53 -> 188.2 | H53: =IF(N(D53)=0,"-",G53/N(D53)) -> 0.26581921 | I53: 223 | J53: 4320 | K53: =N(I53)+N(J53) -> 4543 | L53: 2520 | M53: 504 | N53: 216 | O53: =IF(COUNT(L53,M53,N53)=0,0,AVERAGE(L53,M53,N53)) -> 1080 | P53: =ROUND(O53*설정!$B$5,0) -> 1296 | Q53: =MAX(0,N(P53)-N(K53)) -> 0 | R53: =IF(N(K53)<N(P53),"⚠ 부족","OK") -> OK | S53: =IF(O53=0,"-",K53/(O53/30)) -> 126.19444 | T53: =MAX(0,ROUND(N(P53)*설정!$B$4-N(K53),0)) -> 0
A54: 판매중 | B54: 육성 | C54: 1200조각왕지우개 | D54: 520 | E54: 390 | F54: =N(E54)*(1+설정!$B$3) -> 440.7 | G54: =N(D54)-F54 -> 79.3 | H54: =IF(N(D54)=0,"-",G54/N(D54)) -> 0.1525 | I54: 4338 | K54: =N(I54)+N(J54) -> 4338 | O54: =IF(COUNT(L54,M54,N54)=0,0,AVERAGE(L54,M54,N54)) -> 0 | P54: =ROUND(O54*설정!$B$5,0) -> 0 | Q54: =MAX(0,N(P54)-N(K54)) -> 0 | R54: =IF(N(K54)<N(P54),"⚠ 부족","OK") -> OK | S54: =IF(O54=0,"-",K54/(O54/30)) -> - | T54: =MAX(0,ROUND(N(P54)*설정!$B$4-N(K54),0)) -> 0
A55: 판매중 | B55: 육성 | C55: LCD컬러전자메모보드(6.5인치) | D55: 1790 | E55: 750 | F55: =N(E55)*(1+설정!$B$3) -> 847.5 | G55: =N(D55)-F55 -> 942.5 | H55: =IF(N(D55)=0,"-",G55/N(D55)) -> 0.52653631 | I55: 749 | K55: =N(I55)+N(J55) -> 749 | L55: 462 | M55: 57 | N55: 146 | O55: =IF(COUNT(L55,M55,N55)=0,0,AVERAGE(L55,M55,N55)) -> 221.66667 | P55: =ROUND(O55*설정!$B$5,0) -> 266 | Q55: =MAX(0,N(P55)-N(K55)) -> 0 | R55: =IF(N(K55)<N(P55),"⚠ 부족","OK") -> OK | S55: =IF(O55=0,"-",K55/(O55/30)) -> 101.36842 | T55: =MAX(0,ROUND(N(P55)*설정!$B$4-N(K55),0)) -> 0
A56: 판매중 | B56: 육성 | C56: 3500야광공룡발굴키트 | D56: 1347 | E56: 990 | F56: =N(E56)*(1+설정!$B$3) -> 1118.7 | G56: =N(D56)-F56 -> 228.3 | H56: =IF(N(D56)=0,"-",G56/N(D56)) -> 0.16948775 | I56: 652 | K56: =N(I56)+N(J56) -> 652 | L56: 184 | M56: 36 | O56: =IF(COUNT(L56,M56,N56)=0,0,AVERAGE(L56,M56,N56)) -> 110 | P56: =ROUND(O56*설정!$B$5,0) -> 132 | Q56: =MAX(0,N(P56)-N(K56)) -> 0 | R56: =IF(N(K56)<N(P56),"⚠ 부족","OK") -> OK | S56: =IF(O56=0,"-",K56/(O56/30)) -> 177.81818 | T56: =MAX(0,ROUND(N(P56)*설정!$B$4-N(K56),0)) -> 0
A57: 판매중 | B57: 육성 | C57: 3000소리나는동물막대풍선2탄 | D57: 991 | E57: 840 | F57: =N(E57)*(1+설정!$B$3) -> 949.2 | G57: =N(D57)-F57 -> 41.8 | H57: =IF(N(D57)=0,"-",G57/N(D57)) -> 0.042179617 | I57: 2128 | K57: =N(I57)+N(J57) -> 2128 | L57: 120 | N57: 132 | O57: =IF(COUNT(L57,M57,N57)=0,0,AVERAGE(L57,M57,N57)) -> 126 | P57: =ROUND(O57*설정!$B$5,0) -> 151 | Q57: =MAX(0,N(P57)-N(K57)) -> 0 | R57: =IF(N(K57)<N(P57),"⚠ 부족","OK") -> OK | S57: =IF(O57=0,"-",K57/(O57/30)) -> 506.66667 | T57: =MAX(0,ROUND(N(P57)*설정!$B$4-N(K57),0)) -> 0
A58: 판매중 | B58: 육성 | C58: 4000LED글라이더 | D58: 1487 | E58: 900 | F58: =N(E58)*(1+설정!$B$3) -> 1017 | G58: =N(D58)-F58 -> 470 | H58: =IF(N(D58)=0,"-",G58/N(D58)) -> 0.31607263 | I58: 1243 | K58: =N(I58)+N(J58) -> 1243 | N58: 72 | O58: =IF(COUNT(L58,M58,N58)=0,0,AVERAGE(L58,M58,N58)) -> 72 | P58: =ROUND(O58*설정!$B$5,0) -> 86 | Q58: =MAX(0,N(P58)-N(K58)) -> 0 | R58: =IF(N(K58)<N(P58),"⚠ 부족","OK") -> OK | S58: =IF(O58=0,"-",K58/(O58/30)) -> 517.91667 | T58: =MAX(0,ROUND(N(P58)*설정!$B$4-N(K58),0)) -> 0
A59: 판매중 | B59: 육성 | C59: 4000자연나라관찰채집통 | D59: 1343 | E59: 1070 | F59: =N(E59)*(1+설정!$B$3) -> 1209.1 | G59: =N(D59)-F59 -> 133.9 | H59: =IF(N(D59)=0,"-",G59/N(D59)) -> 0.099702159 | I59: 0 | J59: 6000 | K59: =N(I59)+N(J59) -> 6000 | N59: 486 | O59: =IF(COUNT(L59,M59,N59)=0,0,AVERAGE(L59,M59,N59)) -> 486 | P59: =ROUND(O59*설정!$B$5,0) -> 583 | Q59: =MAX(0,N(P59)-N(K59)) -> 0 | R59: =IF(N(K59)<N(P59),"⚠ 부족","OK") -> OK | S59: =IF(O59=0,"-",K59/(O59/30)) -> 370.37037 | T59: =MAX(0,ROUND(N(P59)*설정!$B$4-N(K59),0)) -> 0
A60: 판매중 | B60: 육성 | C60: 700카피바라비눗방울 | D60: 319 | E60: 180 | F60: =N(E60)*(1+설정!$B$3) -> 203.4 | G60: =N(D60)-F60 -> 115.6 | H60: =IF(N(D60)=0,"-",G60/N(D60)) -> 0.36238245 | I60: 23 | K60: =N(I60)+N(J60) -> 23 | L60: 144 | N60: 504 | O60: =IF(COUNT(L60,M60,N60)=0,0,AVERAGE(L60,M60,N60)) -> 324 | P60: =ROUND(O60*설정!$B$5,0) -> 389 | Q60: =MAX(0,N(P60)-N(K60)) -> 366 | R60: =IF(N(K60)<N(P60),"⚠ 부족","OK") -> ⚠ 부족 | S60: =IF(O60=0,"-",K60/(O60/30)) -> 2.1296296 | T60: =MAX(0,ROUND(N(P60)*설정!$B$4-N(K60),0)) -> 755
A61: 판매중 | B61: 육성 | C61: 스폰지점핑인형 | D61: 245 | E61: 170 | F61: =N(E61)*(1+설정!$B$3) -> 192.1 | G61: =N(D61)-F61 -> 52.9 | H61: =IF(N(D61)=0,"-",G61/N(D61)) -> 0.21591837 | I61: 2034 | K61: =N(I61)+N(J61) -> 2034 | L61: 3276 | M61: 5616 | N61: 4356 | O61: =IF(COUNT(L61,M61,N61)=0,0,AVERAGE(L61,M61,N61)) -> 4416 | P61: =ROUND(O61*설정!$B$5,0) -> 5299 | Q61: =MAX(0,N(P61)-N(K61)) -> 3265 | R61: =IF(N(K61)<N(P61),"⚠ 부족","OK") -> ⚠ 부족 | S61: =IF(O61=0,"-",K61/(O61/30)) -> 13.817935 | T61: =MAX(0,ROUND(N(P61)*설정!$B$4-N(K61),0)) -> 8564
A62: 판매중 | B62: 육성 | C62: 1000통통지구본소프트볼 | D62: 370 | E62: 270 | F62: =N(E62)*(1+설정!$B$3) -> 305.1 | G62: =N(D62)-F62 -> 64.9 | H62: =IF(N(D62)=0,"-",G62/N(D62)) -> 0.17540541 | I62: 807 | K62: =N(I62)+N(J62) -> 807 | L62: 360 | N62: 120 | O62: =IF(COUNT(L62,M62,N62)=0,0,AVERAGE(L62,M62,N62)) -> 240 | P62: =ROUND(O62*설정!$B$5,0) -> 288 | Q62: =MAX(0,N(P62)-N(K62)) -> 0 | R62: =IF(N(K62)<N(P62),"⚠ 부족","OK") -> OK | S62: =IF(O62=0,"-",K62/(O62/30)) -> 100.875 | T62: =MAX(0,ROUND(N(P62)*설정!$B$4-N(K62),0)) -> 0 | U62: 125
A63: 판매중 | B63: 육성 | C63: 월드컵스펀지축구공 | D63: 616 | E63: 480 | F63: =N(E63)*(1+설정!$B$3) -> 542.4 | G63: =N(D63)-F63 -> 73.6 | H63: =IF(N(D63)=0,"-",G63/N(D63)) -> 0.11948052 | I63: 917 | K63: =N(I63)+N(J63) -> 917 | L63: 810 | N63: 252 | O63: =IF(COUNT(L63,M63,N63)=0,0,AVERAGE(L63,M63,N63)) -> 531 | P63: =ROUND(O63*설정!$B$5,0) -> 637 | Q63: =MAX(0,N(P63)-N(K63)) -> 0 | R63: =IF(N(K63)<N(P63),"⚠ 부족","OK") -> OK | S63: =IF(O63=0,"-",K63/(O63/30)) -> 51.80791 | T63: =MAX(0,ROUND(N(P63)*설정!$B$4-N(K63),0)) -> 357 | U63: 273
A64: 판매중 | B64: 육성 | C64: 5000빅생수통치즈슬라임 | D64: 2364 | E64: 1300 | F64: =N(E64)*(1+설정!$B$3) -> 1469 | G64: =N(D64)-F64 -> 895 | H64: =IF(N(D64)=0,"-",G64/N(D64)) -> 0.3785956 | I64: 446 | K64: =N(I64)+N(J64) -> 446 | L64: 558 | M64: 638 | N64: 246 | O64: =IF(COUNT(L64,M64,N64)=0,0,AVERAGE(L64,M64,N64)) -> 480.66667 | P64: =ROUND(O64*설정!$B$5,0) -> 577 | Q64: =MAX(0,N(P64)-N(K64)) -> 131 | R64: =IF(N(K64)<N(P64),"⚠ 부족","OK") -> ⚠ 부족 | S64: =IF(O64=0,"-",K64/(O64/30)) -> 27.836338 | T64: =MAX(0,ROUND(N(P64)*설정!$B$4-N(K64),0)) -> 708 | U64: 36
A65: 판매중 | B65: 육성 | C65: LCD컬러전자메모보드(10인치) | D65: 3575 | E65: 1330 | F65: =N(E65)*(1+설정!$B$3) -> 1502.9 | G65: =N(D65)-F65 -> 2072.1 | H65: =IF(N(D65)=0,"-",G65/N(D65)) -> 0.57960839 | I65: 367 | K65: =N(I65)+N(J65) -> 367 | L65: 28 | M65: 86 | N65: 64 | O65: =IF(COUNT(L65,M65,N65)=0,0,AVERAGE(L65,M65,N65)) -> 59.333333 | P65: =ROUND(O65*설정!$B$5,0) -> 71 | Q65: =MAX(0,N(P65)-N(K65)) -> 0 | R65: =IF(N(K65)<N(P65),"⚠ 부족","OK") -> OK | S65: =IF(O65=0,"-",K65/(O65/30)) -> 185.5618 | T65: =MAX(0,ROUND(N(P65)*설정!$B$4-N(K65),0)) -> 0
A66: 판매중 | B66: 육성 | C66: 2000DIY무지배틀글라이더 | D66: 762 | E66: 564 | F66: =N(E66)*(1+설정!$B$3) -> 637.32 | G66: =N(D66)-F66 -> 124.68 | H66: =IF(N(D66)=0,"-",G66/N(D66)) -> 0.16362205 | I66: 13100 | K66: =N(I66)+N(J66) -> 13100 | L66: 60 | M66: 12 | N66: 168 | O66: =IF(COUNT(L66,M66,N66)=0,0,AVERAGE(L66,M66,N66)) -> 80 | P66: =ROUND(O66*설정!$B$5,0) -> 96 | Q66: =MAX(0,N(P66)-N(K66)) -> 0 | R66: =IF(N(K66)<N(P66),"⚠ 부족","OK") -> OK | S66: =IF(O66=0,"-",K66/(O66/30)) -> 4912.5 | T66: =MAX(0,ROUND(N(P66)*설정!$B$4-N(K66),0)) -> 0
A67: 판매중 | B67: 육성 | C67: LCD컬러전자메모보드(12인치) | D67: 4192 | E67: 3100 | F67: =N(E67)*(1+설정!$B$3) -> 3503 | G67: =N(D67)-F67 -> 689 | H67: =IF(N(D67)=0,"-",G67/N(D67)) -> 0.16436069 | I67: 119 | K67: =N(I67)+N(J67) -> 119 | L67: 54 | M67: 42 | O67: =IF(COUNT(L67,M67,N67)=0,0,AVERAGE(L67,M67,N67)) -> 48 | P67: =ROUND(O67*설정!$B$5,0) -> 58 | Q67: =MAX(0,N(P67)-N(K67)) -> 0 | R67: =IF(N(K67)<N(P67),"⚠ 부족","OK") -> OK | S67: =IF(O67=0,"-",K67/(O67/30)) -> 74.375 | T67: =MAX(0,ROUND(N(P67)*설정!$B$4-N(K67),0)) -> 0
A68: 판매중 | B68: 육성 | C68: 4000안테나왕잠자리채 | D68: 1354 | E68: 1190 | F68: =N(E68)*(1+설정!$B$3) -> 1344.7 | G68: =N(D68)-F68 -> 9.3 | H68: =IF(N(D68)=0,"-",G68/N(D68)) -> 0.0068685377 | I68: 2597 | K68: =N(I68)+N(J68) -> 2597 | O68: =IF(COUNT(L68,M68,N68)=0,0,AVERAGE(L68,M68,N68)) -> 0 | P68: =ROUND(O68*설정!$B$5,0) -> 0 | Q68: =MAX(0,N(P68)-N(K68)) -> 0 | R68: =IF(N(K68)<N(P68),"⚠ 부족","OK") -> OK | S68: =IF(O68=0,"-",K68/(O68/30)) -> - | T68: =MAX(0,ROUND(N(P68)*설정!$B$4-N(K68),0)) -> 0
A69: 판매중 | B69: 육성 | C69: 10000미니(보이스체인지)확성기 | D69: 5135 | E69: 2850 | F69: =N(E69)*(1+설정!$B$3) -> 3220.5 | G69: =N(D69)-F69 -> 1914.5 | H69: =IF(N(D69)=0,"-",G69/N(D69)) -> 0.3728335 | I69: 16 | K69: =N(I69)+N(J69) -> 16 | L69: 60 | N69: 117 | O69: =IF(COUNT(L69,M69,N69)=0,0,AVERAGE(L69,M69,N69)) -> 88.5 | P69: =ROUND(O69*설정!$B$5,0) -> 106 | Q69: =MAX(0,N(P69)-N(K69)) -> 90 | R69: =IF(N(K69)<N(P69),"⚠ 부족","OK") -> ⚠ 부족 | S69: =IF(O69=0,"-",K69/(O69/30)) -> 5.4237288 | T69: =MAX(0,ROUND(N(P69)*설정!$B$4-N(K69),0)) -> 196
A70: 판매중 | B70: 육성 | C70: 12000컬러샤인큐티우산 | D70: 5135 | E70: 3120 | F70: =N(E70)*(1+설정!$B$3) -> 3525.6 | G70: =N(D70)-F70 -> 1609.4 | H70: =IF(N(D70)=0,"-",G70/N(D70)) -> 0.31341772 | I70: 502 | K70: =N(I70)+N(J70) -> 502 | L70: 1 | M70: 3 | N70: 10 | O70: =IF(COUNT(L70,M70,N70)=0,0,AVERAGE(L70,M70,N70)) -> 4.6666667 | P70: =ROUND(O70*설정!$B$5,0) -> 6 | Q70: =MAX(0,N(P70)-N(K70)) -> 0 | R70: =IF(N(K70)<N(P70),"⚠ 부족","OK") -> OK | S70: =IF(O70=0,"-",K70/(O70/30)) -> 3227.1429 | T70: =MAX(0,ROUND(N(P70)*설정!$B$4-N(K70),0)) -> 0
A71: 판매중 | B71: 육성 | C71: 1500큐티1+1점핑볼인형세트 | D71: 536 | E71: 460 | F71: =N(E71)*(1+설정!$B$3) -> 519.8 | G71: =N(D71)-F71 -> 16.2 | H71: =IF(N(D71)=0,"-",G71/N(D71)) -> 0.030223881 | I71: 3936 | K71: =N(I71)+N(J71) -> 3936 | L71: 456 | N71: 240 | O71: =IF(COUNT(L71,M71,N71)=0,0,AVERAGE(L71,M71,N71)) -> 348 | P71: =ROUND(O71*설정!$B$5,0) -> 418 | Q71: =MAX(0,N(P71)-N(K71)) -> 0 | R71: =IF(N(K71)<N(P71),"⚠ 부족","OK") -> OK | S71: =IF(O71=0,"-",K71/(O71/30)) -> 339.31034 | T71: =MAX(0,ROUND(N(P71)*설정!$B$4-N(K71),0)) -> 0
A72: 판매중 | B72: 육성 | C72: 3000워터밤제트배틀건 | D72: 1495 | E72: 830 | F72: =N(E72)*(1+설정!$B$3) -> 937.9 | G72: =N(D72)-F72 -> 557.1 | H72: =IF(N(D72)=0,"-",G72/N(D72)) -> 0.37264214 | I72: 814 | K72: =N(I72)+N(J72) -> 814 | N72: 183 | O72: =IF(COUNT(L72,M72,N72)=0,0,AVERAGE(L72,M72,N72)) -> 183 | P72: =ROUND(O72*설정!$B$5,0) -> 220 | Q72: =MAX(0,N(P72)-N(K72)) -> 0 | R72: =IF(N(K72)<N(P72),"⚠ 부족","OK") -> OK | S72: =IF(O72=0,"-",K72/(O72/30)) -> 133.44262 | T72: =MAX(0,ROUND(N(P72)*설정!$B$4-N(K72),0)) -> 0
A73: 판매중 | B73: 육성 | C73: 해바라기바람개비 | D73: 1300 | E73: 830 | F73: =N(E73)*(1+설정!$B$3) -> 937.9 | G73: =N(D73)-F73 -> 362.1 | H73: =IF(N(D73)=0,"-",G73/N(D73)) -> 0.27853846 | I73: 119 | K73: =N(I73)+N(J73) -> 119 | M73: 36 | N73: 72 | O73: =IF(COUNT(L73,M73,N73)=0,0,AVERAGE(L73,M73,N73)) -> 54 | P73: =ROUND(O73*설정!$B$5,0) -> 65 | Q73: =MAX(0,N(P73)-N(K73)) -> 0 | R73: =IF(N(K73)<N(P73),"⚠ 부족","OK") -> OK | S73: =IF(O73=0,"-",K73/(O73/30)) -> 66.111111 | T73: =MAX(0,ROUND(N(P73)*설정!$B$4-N(K73),0)) -> 11
A74: 판매중 | B74: 육성 | C74: 2500동글스틱왕비눗방울 | D74: 954 | E74: 850 | F74: =N(E74)*(1+설정!$B$3) -> 960.5 | G74: =N(D74)-F74 -> -6.5 | H74: =IF(N(D74)=0,"-",G74/N(D74)) -> -0.0068134172 | I74: 1 | K74: =N(I74)+N(J74) -> 1 | O74: =IF(COUNT(L74,M74,N74)=0,0,AVERAGE(L74,M74,N74)) -> 0 | P74: =ROUND(O74*설정!$B$5,0) -> 0 | Q74: =MAX(0,N(P74)-N(K74)) -> 0 | R74: =IF(N(K74)<N(P74),"⚠ 부족","OK") -> OK | S74: =IF(O74=0,"-",K74/(O74/30)) -> - | T74: =MAX(0,ROUND(N(P74)*설정!$B$4-N(K74),0)) -> 0
A75: 판매중 | B75: 육성 | C75: 1500LED스폰지응원막대 | D75: 552 | E75: 400 | F75: =N(E75)*(1+설정!$B$3) -> 452 | G75: =N(D75)-F75 -> 100 | H75: =IF(N(D75)=0,"-",G75/N(D75)) -> 0.18115942 | I75: 3705 | K75: =N(I75)+N(J75) -> 3705 | O75: =IF(COUNT(L75,M75,N75)=0,0,AVERAGE(L75,M75,N75)) -> 0 | P75: =ROUND(O75*설정!$B$5,0) -> 0 | Q75: =MAX(0,N(P75)-N(K75)) -> 0 | R75: =IF(N(K75)<N(P75),"⚠ 부족","OK") -> OK | S75: =IF(O75=0,"-",K75/(O75/30)) -> - | T75: =MAX(0,ROUND(N(P75)*설정!$B$4-N(K75),0)) -> 0 | U75: 1
A76: 판매중 | B76: 육성 | C76: 4000워터밤파워배틀건 | D76: 2015 | E76: 1150 | F76: =N(E76)*(1+설정!$B$3) -> 1299.5 | G76: =N(D76)-F76 -> 715.5 | H76: =IF(N(D76)=0,"-",G76/N(D76)) -> 0.35508685 | I76: 372 | K76: =N(I76)+N(J76) -> 372 | N76: 177 | O76: =IF(COUNT(L76,M76,N76)=0,0,AVERAGE(L76,M76,N76)) -> 177 | P76: =ROUND(O76*설정!$B$5,0) -> 212 | Q76: =MAX(0,N(P76)-N(K76)) -> 0 | R76: =IF(N(K76)<N(P76),"⚠ 부족","OK") -> OK | S76: =IF(O76=0,"-",K76/(O76/30)) -> 63.050847 | T76: =MAX(0,ROUND(N(P76)*설정!$B$4-N(K76),0)) -> 52
A77: 판매중 | B77: 육성 | C77: 1000꽈배기프로펠라 | D77: 434 | E77: 310 | F77: =N(E77)*(1+설정!$B$3) -> 350.3 | G77: =N(D77)-F77 -> 83.7 | H77: =IF(N(D77)=0,"-",G77/N(D77)) -> 0.19285714 | I77: 12133 | K77: =N(I77)+N(J77) -> 12133 | M77: 144 | N77: 432 | O77: =IF(COUNT(L77,M77,N77)=0,0,AVERAGE(L77,M77,N77)) -> 288 | P77: =ROUND(O77*설정!$B$5,0) -> 346 | Q77: =MAX(0,N(P77)-N(K77)) -> 0 | R77: =IF(N(K77)<N(P77),"⚠ 부족","OK") -> OK | S77: =IF(O77=0,"-",K77/(O77/30)) -> 1263.8542 | T77: =MAX(0,ROUND(N(P77)*설정!$B$4-N(K77),0)) -> 0
A78: 판매중 | B78: 육성 | C78: 2000DIY슬라임스노우파우더 | D78: 964 | E78: 580 | F78: =N(E78)*(1+설정!$B$3) -> 655.4 | G78: =N(D78)-F78 -> 308.6 | H78: =IF(N(D78)=0,"-",G78/N(D78)) -> 0.32012448 | I78: 4209 | K78: =N(I78)+N(J78) -> 4209 | L78: 144 | M78: 144 | N78: 216 | O78: =IF(COUNT(L78,M78,N78)=0,0,AVERAGE(L78,M78,N78)) -> 168 | P78: =ROUND(O78*설정!$B$5,0) -> 202 | Q78: =MAX(0,N(P78)-N(K78)) -> 0 | R78: =IF(N(K78)<N(P78),"⚠ 부족","OK") -> OK | S78: =IF(O78=0,"-",K78/(O78/30)) -> 751.60714 | T78: =MAX(0,ROUND(N(P78)*설정!$B$4-N(K78),0)) -> 0
A79: 판매중 | B79: 육성 | C79: 5000플라잉캐치프로펠라 | D79: 2491 | E79: 1350 | F79: =N(E79)*(1+설정!$B$3) -> 1525.5 | G79: =N(D79)-F79 -> 965.5 | H79: =IF(N(D79)=0,"-",G79/N(D79)) -> 0.38759534 | I79: 907 | K79: =N(I79)+N(J79) -> 907 | N79: 12 | O79: =IF(COUNT(L79,M79,N79)=0,0,AVERAGE(L79,M79,N79)) -> 12 | P79: =ROUND(O79*설정!$B$5,0) -> 14 | Q79: =MAX(0,N(P79)-N(K79)) -> 0 | R79: =IF(N(K79)<N(P79),"⚠ 부족","OK") -> OK | S79: =IF(O79=0,"-",K79/(O79/30)) -> 2267.5 | T79: =MAX(0,ROUND(N(P79)*설정!$B$4-N(K79),0)) -> 0 | U79: 27
A80: 판매중 | B80: 육성 | C80: 2000생수통치즈슬라임(3탄) | D80: 699 | E80: 560 | F80: =N(E80)*(1+설정!$B$3) -> 632.8 | G80: =N(D80)-F80 -> 66.2 | H80: =IF(N(D80)=0,"-",G80/N(D80)) -> 0.094706724 | I80: 850 | K80: =N(I80)+N(J80) -> 850 | L80: 96 | M80: 24 | N80: 12 | O80: =IF(COUNT(L80,M80,N80)=0,0,AVERAGE(L80,M80,N80)) -> 44 | P80: =ROUND(O80*설정!$B$5,0) -> 53 | Q80: =MAX(0,N(P80)-N(K80)) -> 0 | R80: =IF(N(K80)<N(P80),"⚠ 부족","OK") -> OK | S80: =IF(O80=0,"-",K80/(O80/30)) -> 579.54545 | T80: =MAX(0,ROUND(N(P80)*설정!$B$4-N(K80),0)) -> 0
A81: 판매중 | B81: 육성 | C81: 곤충확대경 | D81: 1200 | E81: 715 | F81: =N(E81)*(1+설정!$B$3) -> 807.95 | G81: =N(D81)-F81 -> 392.05 | H81: =IF(N(D81)=0,"-",G81/N(D81)) -> 0.32670833 | I81: 32 | K81: =N(I81)+N(J81) -> 32 | L81: 30 | M81: 10 | N81: 40 | O81: =IF(COUNT(L81,M81,N81)=0,0,AVERAGE(L81,M81,N81)) -> 26.666667 | P81: =ROUND(O81*설정!$B$5,0) -> 32 | Q81: =MAX(0,N(P81)-N(K81)) -> 0 | R81: =IF(N(K81)<N(P81),"⚠ 부족","OK") -> OK | S81: =IF(O81=0,"-",K81/(O81/30)) -> 36 | T81: =MAX(0,ROUND(N(P81)*설정!$B$4-N(K81),0)) -> 32 | U81: 14
A82: 판매중 | B82: 육성 | C82: 3500 12색손에묻지않는크레파스 | D82: 1495 | E82: 720 | F82: =N(E82)*(1+설정!$B$3) -> 813.6 | G82: =N(D82)-F82 -> 681.4 | H82: =IF(N(D82)=0,"-",G82/N(D82)) -> 0.45578595 | I82: 554 | K82: =N(I82)+N(J82) -> 554 | N82: 14 | O82: =IF(COUNT(L82,M82,N82)=0,0,AVERAGE(L82,M82,N82)) -> 14 | P82: =ROUND(O82*설정!$B$5,0) -> 17 | Q82: =MAX(0,N(P82)-N(K82)) -> 0 | R82: =IF(N(K82)<N(P82),"⚠ 부족","OK") -> OK | S82: =IF(O82=0,"-",K82/(O82/30)) -> 1187.1429 | T82: =MAX(0,ROUND(N(P82)*설정!$B$4-N(K82),0)) -> 0
A83: 판매중 | B83: 육성 | C83: 6000플라잉디스크원반던지기 | D83: 2730 | E83: 1580 | F83: =N(E83)*(1+설정!$B$3) -> 1785.4 | G83: =N(D83)-F83 -> 944.6 | H83: =IF(N(D83)=0,"-",G83/N(D83)) -> 0.34600733 | I83: 2528 | K83: =N(I83)+N(J83) -> 2528 | N83: 6 | O83: =IF(COUNT(L83,M83,N83)=0,0,AVERAGE(L83,M83,N83)) -> 6 | P83: =ROUND(O83*설정!$B$5,0) -> 7 | Q83: =MAX(0,N(P83)-N(K83)) -> 0 | R83: =IF(N(K83)<N(P83),"⚠ 부족","OK") -> OK | S83: =IF(O83=0,"-",K83/(O83/30)) -> 12640 | T83: =MAX(0,ROUND(N(P83)*설정!$B$4-N(K83),0)) -> 0 | U83: 24
A84: 판매중 | B84: 육성 | C84: 3000추억의뽑기판황금알을찾아라 | D84: 4875 | E84: 990 | F84: =N(E84)*(1+설정!$B$3) -> 1118.7 | G84: =N(D84)-F84 -> 3756.3 | H84: =IF(N(D84)=0,"-",G84/N(D84)) -> 0.77052308 | I84: 81 | K84: =N(I84)+N(J84) -> 81 | O84: =IF(COUNT(L84,M84,N84)=0,0,AVERAGE(L84,M84,N84)) -> 0 | P84: =ROUND(O84*설정!$B$5,0) -> 0 | Q84: =MAX(0,N(P84)-N(K84)) -> 0 | R84: =IF(N(K84)<N(P84),"⚠ 부족","OK") -> OK | S84: =IF(O84=0,"-",K84/(O84/30)) -> - | T84: =MAX(0,ROUND(N(P84)*설정!$B$4-N(K84),0)) -> 0
A85: 판매중 | B85: 육성 | C85: 3000네잎크로바!복볼복행운뽑기 | D85: 4875 | E85: 990 | F85: =N(E85)*(1+설정!$B$3) -> 1118.7 | G85: =N(D85)-F85 -> 3756.3 | H85: =IF(N(D85)=0,"-",G85/N(D85)) -> 0.77052308 | I85: 26 | K85: =N(I85)+N(J85) -> 26 | O85: =IF(COUNT(L85,M85,N85)=0,0,AVERAGE(L85,M85,N85)) -> 0 | P85: =ROUND(O85*설정!$B$5,0) -> 0 | Q85: =MAX(0,N(P85)-N(K85)) -> 0 | R85: =IF(N(K85)<N(P85),"⚠ 부족","OK") -> OK | S85: =IF(O85=0,"-",K85/(O85/30)) -> - | T85: =MAX(0,ROUND(N(P85)*설정!$B$4-N(K85),0)) -> 0
A86: 판매중 | B86: 육성 | C86: 1500해피슬라임글리세린 | D86: 628 | E86: 375 | F86: =N(E86)*(1+설정!$B$3) -> 423.75 | G86: =N(D86)-F86 -> 204.25 | H86: =IF(N(D86)=0,"-",G86/N(D86)) -> 0.32523885 | I86: 889 | K86: =N(I86)+N(J86) -> 889 | L86: 60 | M86: 60 | N86: 12 | O86: =IF(COUNT(L86,M86,N86)=0,0,AVERAGE(L86,M86,N86)) -> 44 | P86: =ROUND(O86*설정!$B$5,0) -> 53 | Q86: =MAX(0,N(P86)-N(K86)) -> 0 | R86: =IF(N(K86)<N(P86),"⚠ 부족","OK") -> OK | S86: =IF(O86=0,"-",K86/(O86/30)) -> 606.13636 | T86: =MAX(0,ROUND(N(P86)*설정!$B$4-N(K86),0)) -> 0
A87: 판매중 | B87: 육성 | C87: 2500변색토끼주물럭 | D87: 1137 | E87: 620 | F87: =N(E87)*(1+설정!$B$3) -> 700.6 | G87: =N(D87)-F87 -> 436.4 | H87: =IF(N(D87)=0,"-",G87/N(D87)) -> 0.38381706 | I87: 0 | J87: 4320 | K87: =N(I87)+N(J87) -> 4320 | L87: 126 | M87: 18 | N87: 54 | O87: =IF(COUNT(L87,M87,N87)=0,0,AVERAGE(L87,M87,N87)) -> 66 | P87: =ROUND(O87*설정!$B$5,0) -> 79 | Q87: =MAX(0,N(P87)-N(K87)) -> 0 | R87: =IF(N(K87)<N(P87),"⚠ 부족","OK") -> OK | S87: =IF(O87=0,"-",K87/(O87/30)) -> 1963.6364 | T87: =MAX(0,ROUND(N(P87)*설정!$B$4-N(K87),0)) -> 0
A88: 판매중 | B88: 육성 | C88: 1200개구쟁이물총 | D88: 477 | E88: 370 | F88: =N(E88)*(1+설정!$B$3) -> 418.1 | G88: =N(D88)-F88 -> 58.9 | H88: =IF(N(D88)=0,"-",G88/N(D88)) -> 0.12348008 | I88: 10728 | K88: =N(I88)+N(J88) -> 10728 | O88: =IF(COUNT(L88,M88,N88)=0,0,AVERAGE(L88,M88,N88)) -> 0 | P88: =ROUND(O88*설정!$B$5,0) -> 0 | Q88: =MAX(0,N(P88)-N(K88)) -> 0 | R88: =IF(N(K88)<N(P88),"⚠ 부족","OK") -> OK | S88: =IF(O88=0,"-",K88/(O88/30)) -> - | T88: =MAX(0,ROUND(N(P88)*설정!$B$4-N(K88),0)) -> 0
A89: 판매중 | B89: 육성 | C89: 3000심쿵!뽑기왕 | D89: 4875 | E89: 990 | F89: =N(E89)*(1+설정!$B$3) -> 1118.7 | G89: =N(D89)-F89 -> 3756.3 | H89: =IF(N(D89)=0,"-",G89/N(D89)) -> 0.77052308 | I89: 2 | K89: =N(I89)+N(J89) -> 2 | O89: =IF(COUNT(L89,M89,N89)=0,0,AVERAGE(L89,M89,N89)) -> 0 | P89: =ROUND(O89*설정!$B$5,0) -> 0 | Q89: =MAX(0,N(P89)-N(K89)) -> 0 | R89: =IF(N(K89)<N(P89),"⚠ 부족","OK") -> OK | S89: =IF(O89=0,"-",K89/(O89/30)) -> - | T89: =MAX(0,ROUND(N(P89)*설정!$B$4-N(K89),0)) -> 0
A90: 판매중 | B90: 육성 | C90: 2500오리마술봉비눗방울 | D90: 1178 | E90: 670 | F90: =N(E90)*(1+설정!$B$3) -> 757.1 | G90: =N(D90)-F90 -> 420.9 | H90: =IF(N(D90)=0,"-",G90/N(D90)) -> 0.35730051 | I90: 40 | K90: =N(I90)+N(J90) -> 40 | O90: =IF(COUNT(L90,M90,N90)=0,0,AVERAGE(L90,M90,N90)) -> 0 | P90: =ROUND(O90*설정!$B$5,0) -> 0 | Q90: =MAX(0,N(P90)-N(K90)) -> 0 | R90: =IF(N(K90)<N(P90),"⚠ 부족","OK") -> OK | S90: =IF(O90=0,"-",K90/(O90/30)) -> - | T90: =MAX(0,ROUND(N(P90)*설정!$B$4-N(K90),0)) -> 0
A91: 판매중 | B91: 육성 | C91: 3000Lotto추억의뽑기판행운로또 | D91: 4875 | E91: 990 | F91: =N(E91)*(1+설정!$B$3) -> 1118.7 | G91: =N(D91)-F91 -> 3756.3 | H91: =IF(N(D91)=0,"-",G91/N(D91)) -> 0.77052308 | I91: 76 | K91: =N(I91)+N(J91) -> 76 | N91: 8 | O91: =IF(COUNT(L91,M91,N91)=0,0,AVERAGE(L91,M91,N91)) -> 8 | P91: =ROUND(O91*설정!$B$5,0) -> 10 | Q91: =MAX(0,N(P91)-N(K91)) -> 0 | R91: =IF(N(K91)<N(P91),"⚠ 부족","OK") -> OK | S91: =IF(O91=0,"-",K91/(O91/30)) -> 285 | T91: =MAX(0,ROUND(N(P91)*설정!$B$4-N(K91),0)) -> 0
A92: 판매중 | B92: 육성 | C92: 5000전통대형독수리연세트 | D92: 2145 | E92: 1240 | F92: =N(E92)*(1+설정!$B$3) -> 1401.2 | G92: =N(D92)-F92 -> 743.8 | H92: =IF(N(D92)=0,"-",G92/N(D92)) -> 0.34675991 | I92: 744 | K92: =N(I92)+N(J92) -> 744 | L92: 27 | M92: 24 | N92: 57 | O92: =IF(COUNT(L92,M92,N92)=0,0,AVERAGE(L92,M92,N92)) -> 36 | P92: =ROUND(O92*설정!$B$5,0) -> 43 | Q92: =MAX(0,N(P92)-N(K92)) -> 0 | R92: =IF(N(K92)<N(P92),"⚠ 부족","OK") -> OK | S92: =IF(O92=0,"-",K92/(O92/30)) -> 620 | T92: =MAX(0,ROUND(N(P92)*설정!$B$4-N(K92),0)) -> 0
A93: 판매중 | B93: 육성 | C93: 15000레인매직변색우산 | D93: 7085 | E93: 4300 | F93: =N(E93)*(1+설정!$B$3) -> 4859 | G93: =N(D93)-F93 -> 2226 | H93: =IF(N(D93)=0,"-",G93/N(D93)) -> 0.3141849 | I93: 1048 | K93: =N(I93)+N(J93) -> 1048 | N93: 22 | O93: =IF(COUNT(L93,M93,N93)=0,0,AVERAGE(L93,M93,N93)) -> 22 | P93: =ROUND(O93*설정!$B$5,0) -> 26 | Q93: =MAX(0,N(P93)-N(K93)) -> 0 | R93: =IF(N(K93)<N(P93),"⚠ 부족","OK") -> OK | S93: =IF(O93=0,"-",K93/(O93/30)) -> 1429.0909 | T93: =MAX(0,ROUND(N(P93)*설정!$B$4-N(K93),0)) -> 0
A94: 판매중 | B94: 육성 | C94: 1500쥬쥬바람개비비눗방울 | D94: 528 | E94: 450 | F94: =N(E94)*(1+설정!$B$3) -> 508.5 | G94: =N(D94)-F94 -> 19.5 | H94: =IF(N(D94)=0,"-",G94/N(D94)) -> 0.036931818 | I94: 1 | K94: =N(I94)+N(J94) -> 1 | O94: =IF(COUNT(L94,M94,N94)=0,0,AVERAGE(L94,M94,N94)) -> 0 | P94: =ROUND(O94*설정!$B$5,0) -> 0 | Q94: =MAX(0,N(P94)-N(K94)) -> 0 | R94: =IF(N(K94)<N(P94),"⚠ 부족","OK") -> OK | S94: =IF(O94=0,"-",K94/(O94/30)) -> - | T94: =MAX(0,ROUND(N(P94)*설정!$B$4-N(K94),0)) -> 0
A95: 판매중 | B95: 육성 | C95: 12000더블파워장거리물총 | D95: 4243 | E95: 3050 | F95: =N(E95)*(1+설정!$B$3) -> 3446.5 | G95: =N(D95)-F95 -> 796.5 | H95: =IF(N(D95)=0,"-",G95/N(D95)) -> 0.18772095 | I95: 22 | K95: =N(I95)+N(J95) -> 22 | N95: 18 | O95: =IF(COUNT(L95,M95,N95)=0,0,AVERAGE(L95,M95,N95)) -> 18 | P95: =ROUND(O95*설정!$B$5,0) -> 22 | Q95: =MAX(0,N(P95)-N(K95)) -> 0 | R95: =IF(N(K95)<N(P95),"⚠ 부족","OK") -> OK | S95: =IF(O95=0,"-",K95/(O95/30)) -> 36.666667 | T95: =MAX(0,ROUND(N(P95)*설정!$B$4-N(K95),0)) -> 22
A96: 판매중 | B96: 육성 | C96: 1000해피슬라임액티베이터(2탄) | D96: 550 | E96: 292 | F96: =N(E96)*(1+설정!$B$3) -> 329.96 | G96: =N(D96)-F96 -> 220.04 | H96: =IF(N(D96)=0,"-",G96/N(D96)) -> 0.40007273 | I96: 2437 | K96: =N(I96)+N(J96) -> 2437 | L96: 108 | M96: 216 | N96: 120 | O96: =IF(COUNT(L96,M96,N96)=0,0,AVERAGE(L96,M96,N96)) -> 148 | P96: =ROUND(O96*설정!$B$5,0) -> 178 | Q96: =MAX(0,N(P96)-N(K96)) -> 0 | R96: =IF(N(K96)<N(P96),"⚠ 부족","OK") -> OK | S96: =IF(O96=0,"-",K96/(O96/30)) -> 493.98649 | T96: =MAX(0,ROUND(N(P96)*설정!$B$4-N(K96),0)) -> 0
A97: 판매중 | B97: 육성 | C97: 미니자동차연필깎이(소) | D97: 250 | E97: 180 | F97: =N(E97)*(1+설정!$B$3) -> 203.4 | G97: =N(D97)-F97 -> 46.6 | H97: =IF(N(D97)=0,"-",G97/N(D97)) -> 0.1864 | I97: 582 | K97: =N(I97)+N(J97) -> 582 | L97: 240 | M97: 120 | N97: 120 | O97: =IF(COUNT(L97,M97,N97)=0,0,AVERAGE(L97,M97,N97)) -> 160 | P97: =ROUND(O97*설정!$B$5,0) -> 192 | Q97: =MAX(0,N(P97)-N(K97)) -> 0 | R97: =IF(N(K97)<N(P97),"⚠ 부족","OK") -> OK | S97: =IF(O97=0,"-",K97/(O97/30)) -> 109.125 | T97: =MAX(0,ROUND(N(P97)*설정!$B$4-N(K97),0)) -> 0
A98: 판매중 | B98: 육성 | C98: 700베베러브덕비눗방울 | D98: 322 | E98: 180 | F98: =N(E98)*(1+설정!$B$3) -> 203.4 | G98: =N(D98)-F98 -> 118.6 | H98: =IF(N(D98)=0,"-",G98/N(D98)) -> 0.36832298 | K98: =N(I98)+N(J98) -> 0 | N98: 216 | O98: =IF(COUNT(L98,M98,N98)=0,0,AVERAGE(L98,M98,N98)) -> 216 | P98: =ROUND(O98*설정!$B$5,0) -> 259 | Q98: =MAX(0,N(P98)-N(K98)) -> 259 | R98: =IF(N(K98)<N(P98),"⚠ 부족","OK") -> ⚠ 부족 | S98: =IF(O98=0,"-",K98/(O98/30)) -> 0 | T98: =MAX(0,ROUND(N(P98)*설정!$B$4-N(K98),0)) -> 518
A99: 판매중 | B99: 육성 | C99: 6500 24색손에묻지않는크레파스 | D99: 2730 | E99: 1380 | F99: =N(E99)*(1+설정!$B$3) -> 1559.4 | G99: =N(D99)-F99 -> 1170.6 | H99: =IF(N(D99)=0,"-",G99/N(D99)) -> 0.42879121 | I99: 118 | K99: =N(I99)+N(J99) -> 118 | M99: 17 | N99: 31 | O99: =IF(COUNT(L99,M99,N99)=0,0,AVERAGE(L99,M99,N99)) -> 24 | P99: =ROUND(O99*설정!$B$5,0) -> 29 | Q99: =MAX(0,N(P99)-N(K99)) -> 0 | R99: =IF(N(K99)<N(P99),"⚠ 부족","OK") -> OK | S99: =IF(O99=0,"-",K99/(O99/30)) -> 147.5 | T99: =MAX(0,ROUND(N(P99)*설정!$B$4-N(K99),0)) -> 0
A100: 판매중 | B100: 육성 | C100: 2500해피글로우야광원반던지기 | D100: 838 | E100: 650 | F100: =N(E100)*(1+설정!$B$3) -> 734.5 | G100: =N(D100)-F100 -> 103.5 | H100: =IF(N(D100)=0,"-",G100/N(D100)) -> 0.12350835 | I100: 4221 | K100: =N(I100)+N(J100) -> 4221 | M100: 20 | O100: =IF(COUNT(L100,M100,N100)=0,0,AVERAGE(L100,M100,N100)) -> 20 | P100: =ROUND(O100*설정!$B$5,0) -> 24 | Q100: =MAX(0,N(P100)-N(K100)) -> 0 | R100: =IF(N(K100)<N(P100),"⚠ 부족","OK") -> OK | S100: =IF(O100=0,"-",K100/(O100/30)) -> 6331.5 | T100: =MAX(0,ROUND(N(P100)*설정!$B$4-N(K100),0)) -> 0
...

Sheet 광고관리
A1: 연간목표
A2: 매출목표 | B2: 1500000000 | C2: 월 매출 목표 (평균) | D2: =B2/12 -> 125000000
A3: 광고비율 (매출 대비) | B3: 0.02 | C3: 월 광고예산 (평균) | D3: =D2*B3 -> 2500000
A4: 평균 판매가 | B4: 10000 | C4: 일 광고예산 (평균) | D4: =D3/30 -> 83333.333
A5: 예상 전환율(CVR) | B5: 0.07
A6: 평균 CPC(원) | B6: 120 | C6: 150원~300원
A7: 목표 ROAS | B7: 6 | C7: 500~700% 안정 (광고 매출 ÷ 광고비) × 100
A10: 쿠팡로켓 월별 광고 성과 관리
A12: 월 | B12: 25년매출 | C12: 목표매출 | D12: 실매출 | E12: 광고예산(원) | F12: 실제광고비 | G12: 노출 | H12: 클릭 | I12: 주문 | J12: 광고매출 | K12: ROAS 500~700% 이상 | L12: ACOS 10~15% 이하 | M12: CPC(원) 150~300원 | N12: 전환율(CVR) 5~7%이상 | O12: 클릭율 (CTR) 0.7% 이상
A13: 1월 | B13: 35908513 | C13: 40000000 | D13: 97278033 | E13: 1500000 | F13: 1397548 | G13: 7588181 | H13: 12402 | I13: 990 | J13: 13947340 | K13: =IFERROR(J13/F13,0) -> 9.9798647 | L13: =IFERROR(F13/J13,0) -> 0.10020176 | M13: =IFERROR(F13/H13,0) -> 112.68731 | N13: =IFERROR(I13/H13,0) -> 0.079825835 | O13: =IFERROR(H13/G13,0) -> 0.0016343838
A14: 2월 | B14: 36279505 | C14: 50000000 | D14: 63568333 | E14: 1500000 | F14: 1400544 | G14: 5571104 | H14: 10771 | I14: 785 | J14: 11622740 | K14: =IFERROR(J14/F14,0) -> 8.2987325 | L14: =IFERROR(F14/J14,0) -> 0.12050033 | M14: =IFERROR(F14/H14,0) -> 130.02915 | N14: =IFERROR(I14/H14,0) -> 0.072880884 | O14: =IFERROR(H14/G14,0) -> 0.001933369
A15: 3월 | B15: 81087922 | C15: 80000000 | D15: 38165274 | E15: 2000000 | F15: 1123178 | G15: 0 | H15: 0 | I15: 0 | J15: 0 | K15: =IFERROR(J15/F15,0) -> 0 | L15: =IFERROR(F15/J15,0) -> 0 | M15: =IFERROR(F15/H15,0) -> 0 | N15: =IFERROR(I15/H15,0) -> 0 | O15: =IFERROR(H15/G15,0) -> 0
A16: 4월 | B16: 97897947 | C16: 100000000 | D16: 0 | E16: 2000000 | F16: 0 | G16: 0 | H16: 0 | I16: 0 | J16: 0 | K16: =IFERROR(J16/F16,0) -> 0 | L16: =IFERROR(F16/J16,0) -> 0 | M16: =IFERROR(F16/H16,0) -> 0 | N16: =IFERROR(I16/H16,0) -> 0 | O16: =IFERROR(H16/G16,0) -> 0
A17: 5월 | B17: 113966483 | C17: 140000000 | D17: 0 | E17: 2500000 | F17: 0 | G17: 0 | H17: 0 | I17: 0 | J17: 0 | K17: =IFERROR(J17/F17,0) -> 0 | L17: =IFERROR(F17/J17,0) -> 0 | M17: =IFERROR(F17/H17,0) -> 0 | N17: =IFERROR(I17/H17,0) -> 0 | O17: =IFERROR(H17/G17,0) -> 0
A18: 6월 | B18: 92876437 | C18: 150000000 | D18: 0 | E18: 2000000 | F18: 0 | G18: 0 | H18: 0 | I18: 0 | J18: 0 | K18: =IFERROR(J18/F18,0) -> 0 | L18: =IFERROR(F18/J18,0) -> 0 | M18: =IFERROR(F18/H18,0) -> 0 | N18: =IFERROR(I18/H18,0) -> 0 | O18: =IFERROR(H18/G18,0) -> 0
A19: 7월 | B19: 141712487 | C19: 170000000 | D19: 0 | E19: 2500000 | F19: 0 | G19: 0 | H19: 0 | I19: 0 | J19: 0 | K19: =IFERROR(J19/F19,0) -> 0 | L19: =IFERROR(F19/J19,0) -> 0 | M19: =IFERROR(F19/H19,0) -> 0 | N19: =IFERROR(I19/H19,0) -> 0 | O19: =IFERROR(H19/G19,0) -> 0
A20: 8월 | B20: 56194903 | C20: 150000000 | D20: 0 | E20: 2000000 | F20: 0 | G20: 0 | H20: 0 | I20: 0 | J20: 0 | K20: =IFERROR(J20/F20,0) -> 0 | L20: =IFERROR(F20/J20,0) -> 0 | M20: =IFERROR(F20/H20,0) -> 0 | N20: =IFERROR(I20/H20,0) -> 0 | O20: =IFERROR(H20/G20,0) -> 0
A21: 9월 | B21: 91298500 | C21: 160000000 | D21: 0 | E21: 2500000 | F21: 0 | G21: 0 | H21: 0 | I21: 0 | J21: 0 | K21: =IFERROR(J21/F21,0) -> 0 | L21: =IFERROR(F21/J21,0) -> 0 | M21: =IFERROR(F21/H21,0) -> 0 | N21: =IFERROR(I21/H21,0) -> 0 | O21: =IFERROR(H21/G21,0) -> 0
A22: 10월 | B22: 89560705 | C22: 160000000 | D22: 0 | E22: 2500000 | F22: 0 | G22: 0 | H22: 0 | I22: 0 | J22: 0 | K22: =IFERROR(J22/F22,0) -> 0 | L22: =IFERROR(F22/J22,0) -> 0 | M22: =IFERROR(F22/H22,0) -> 0 | N22: =IFERROR(I22/H22,0) -> 0 | O22: =IFERROR(H22/G22,0) -> 0
A23: 11월 | B23: 87410343 | C23: 150000000 | D23: 0 | E23: 2000000 | F23: 0 | G23: 0 | H23: 0 | I23: 0 | J23: 0 | K23: =IFERROR(J23/F23,0) -> 0 | L23: =IFERROR(F23/J23,0) -> 0 | M23: =IFERROR(F23/H23,0) -> 0 | N23: =IFERROR(I23/H23,0) -> 0 | O23: =IFERROR(H23/G23,0) -> 0
A24: 12월 | B24: 50951052 | C24: 150000000 | D24: 0 | E24: 2000000 | F24: 0 | G24: 0 | H24: 0 | I24: 0 | J24: 0 | K24: =IFERROR(J24/F24,0) -> 0 | L24: =IFERROR(F24/J24,0) -> 0 | M24: =IFERROR(F24/H24,0) -> 0 | N24: =IFERROR(I24/H24,0) -> 0 | O24: =IFERROR(H24/G24,0) -> 0
A25: 합계 | B25: =SUM(B13:B24) -> 975144797 | C25: =SUM(C13:C24) -> 1500000000 | D25: =SUM(D13:D24) -> 199011640 | E25: =SUM(E13:E24) -> 25000000 | F25: =SUM(F13:F24) -> 3921270 | G25: =SUM(G13:G24) -> 13159285 | H25: =SUM(H13:H24) -> 23173 | I25: =SUM(I13:I24) -> 1775 | J25: =SUM(J13:J24) -> 25570080 | K25: =IFERROR(J25/F25,0) -> 6.520867 | L25: =IFERROR(F25/J25,0) -> 0.15335384 | M25: =IFERROR(F25/H25,0) -> 169.21719 | N25: =IFERROR(I25/H25,0) -> 0.076597765 | O25: =IFERROR(H25/G25,0) -> 0.0017609619

Sheet 설정
A1: 쿠팡 로켓 관리 설정
A3: 실원가 가중률(부가/수수료 등) | B3: 0.13
A4: 발주 목표 배수(안전재고 x 배수) | B4: 2
A5: 안전재고 비율(월평균출고 x 비율) | B5: 1.2
A6: 마진율 경고 기준 | B6: 0.2
A7: 재고일수 경고 기준(일) | B7: 14
A8: 재고일수 과다 기준(일) | B8: 90
A9: 최근월1 라벨(표기용) | B9: 26년 1월
A10: 최근월2 라벨(표기용) | B10: 26년 2월
